ชื่อคลอง,พื้นที่เขต,dcode,dname
คลองกรวย,สาทร,1028,เขตสาทร
คลองกระเฉด,บางเขน,1005,เขตบางเขน
คลองกระดาษ,บางซื่อ,1029,เขตบางซื่อ
คลองกระท้อนแถว,บางกอกน้อย,1020,เขตบางกอกน้อย
คลองกระทุ้มแจ้,ประเวศ,1032,เขตประเวศ
คลองกระทุ่มโพธิ์,สายไหม,1042,เขตสายไหม
คลองกระทุ่มล้ม,หนองจอก,1003,เขตหนองจอก
คลองกล้วย,บางขุนเทียน,1021,เขตบางขุนเทียน
คลองกลันตัน,สวนหลวง,1034,เขตสวนหลวง
คลองกอเลา,หนองจอก,1003,เขตหนองจอก
คลองกะจะ,สวนหลวง,1034,เขตสวนหลวง
คลองกาหลง,ลาดกระบัง,1011,เขตลาดกระบัง
คลองกำนันเทียน,หนองแขม,1023,เขตหนองแขม
คลองกำนันประทีป,หนองแขม,1023,เขตหนองแขม
คลองกำนันเสงี่ยม,หนองแขม,1023,เขตหนองแขม
คลองกำพร้า,บางขุนเทียน,1021,เขตบางขุนเทียน
คลองกีบหมู  (คลองสามวา),คลองสามวา,1046,เขตคลองสามวา
คลองกีบหมู (มีนบุรี),มีนบุรี,1010,เขตมีนบุรี
คลองกุฐิจีน,ธนบุรี,1015,เขตธนบุรี
คลองกุ่ม,บึงกุ่ม,1027,เขตบึงกุ่ม
คลองกุ่มแดง,บางเขน,1005,เขตบางเขน
คลองเกรียง (บางกะปิ),บางกะปิ,1006,เขตบางกะปิ
คลองเกรียง (ลาดพร้าว),ลาดพร้าว,1038,เขตลาดพร้าว
คลองเก้าห้อง,ทุ่งครุ,1049,เขตทุ่งครุ
คลองเกาะตาเทิ่ง  (เกาะเลา),คลองสามวา,1046,เขตคลองสามวา
คลองแกลบ,บางกอกน้อย,1020,เขตบางกอกน้อย
คลองโกบ๊อ 1,ธนบุรี,1015,เขตธนบุรี
คลองโกบ๊อ 2,ธนบุรี,1015,เขตธนบุรี
คลองโกบ๊อ 3,ธนบุรี,1015,เขตธนบุรี
คลองโกบ๊อ 4,ธนบุรี,1015,เขตธนบุรี
คลองโกร่งประทุน,บางขุนเทียน,1021,เขตบางขุนเทียน
คลองขนมจีน,บางกอกน้อย,1020,เขตบางกอกน้อย
คลองขรัวตาแก่น,บางซื่อ,1029,เขตบางซื่อ
คลองขวาง,ธนบุรี,1015,เขตธนบุรี
คลองขวาง (ลัดตากลั่น),ภาษีเจริญ,1022,เขตภาษีเจริญ
คลองขวาง 3,บางคอแหลม,1031,เขตบางคอแหลม
คลองขวาง (จอมทอง),จอมทอง,1035,เขตจอมทอง
คลองขวาง (ทุ่งครุ),ทุ่งครุ,1049,เขตทุ่งครุ
คลองขวาง (บางกอกน้อย),บางกอกน้อย,1020,เขตบางกอกน้อย
คลองขวาง (ประเวศ),ประเวศ,1032,เขตประเวศ
คลองขวางตะวันตก,ภาษีเจริญ,1022,เขตภาษีเจริญ
คลองขวางตะวันออก,ภาษีเจริญ,1022,เขตภาษีเจริญ
คลองขวางทุ่งมหาเมฆ (ยานนาวา),ยานนาวา,1012,เขตยานนาวา
คลองขวางทุ่งมหาเมฆ(สาทร),สาทร,1028,เขตสาทร
คลองขวางบน,สวนหลวง,1034,เขตสวนหลวง
คลองขวางบน(พระโขนง),พระโขนง,1009,เขตพระโขนง
คลองขวางบางประแก้ว,จอมทอง,1035,เขตจอมทอง
คลองขวางบางประทุน,จอมทอง,1035,เขตจอมทอง
คลองขวางบ้านใหม่,บางคอแหลม,1031,เขตบางคอแหลม
คลองขวางล่าง,พระโขนง,1009,เขตพระโขนง
คลองขวางวัดรางบัว,ภาษีเจริญ,1022,เขตภาษีเจริญ
คลองขวางสะพานเตี้ย,บางคอแหลม,1031,เขตบางคอแหลม
คลองขวางหมู่ 2 ,ภาษีเจริญ,1022,เขตภาษีเจริญ
คลองขันแตก,ประเวศ,1032,เขตประเวศ
คลองข้าง สน.หัวหมาก,บางกะปิ,1006,เขตบางกะปิ
คลองข้างซอยวิเชียร,ราษฎร์บูรณะ,1024,เขตราษฏร์บูรณะ
คลองข้างธนาคารนครหลวงไทย,ธนบุรี,1015,เขตธนบุรี
คลองข้างไปรษณีย์,ราษฎร์บูรณะ,1024,เขตราษฏร์บูรณะ
คลองข้างมัสยิดดารุ้ลวิลอิหซาน,บางพลัด,1025,เขตบางพลัด
คลองข้างโรงน้ำแข็ง,คลองสาน,1018,เขตคลองสาน
คลองข้างโรงเรียนบางจาก,ภาษีเจริญ,1022,เขตภาษีเจริญ
คลองข้างโรงเรียนบางไผ่,บางแค,1040,เขตบางแค
คลองข้างโรงเรียนปทุมวิทยา,คลองสาน,1018,เขตคลองสาน
คลองข้างโรงเรียนเปี่ยมสุวรรณ,ภาษีเจริญ,1022,เขตภาษีเจริญ
คลองข้างวัดกก,จอมทอง,1035,เขตจอมทอง
คลองข้างวัดบางปะกอก,ราษฎร์บูรณะ,1024,เขตราษฏร์บูรณะ
คลองข้างวัดบุคคโล,ธนบุรี,1015,เขตธนบุรี
คลองข้างวัดอนงค์,คลองสาน,1018,เขตคลองสาน
คลองข้างวัดอนงคาราม ,คลองสาน,1018,เขตคลองสาน
คลองข้างหมู่บ้านภักดี,บางคอแหลม,1031,เขตบางคอแหลม
คลองข้างอู่รถเมล์บางจาก,พระโขนง,1009,เขตพระโขนง
คลองขี้เสือใหญ่ (บึงกุ่ม),บึงกุ่ม,1027,เขตบึงกุ่ม
คลองขี้เสือใหญ่(ลาดพร้าว),ลาดพร้าว,1038,เขตลาดพร้าว
คลองขี้หมูไหล,ภาษีเจริญ,1022,เขตภาษีเจริญ
คลองขุด,ยานนาวา,1012,เขตยานนาวา
คลองขุดวัดภาษี,วัฒนา,1039,เขตวัฒนา
คลองขุดใหม่,หนองจอก,1003,เขตหนองจอก
คลองขุดใหม่ (ลัดครูถวิล),บางขุนเทียน,1021,เขตบางขุนเทียน
คลองขุนคลัง,บางกอกน้อย,1020,เขตบางกอกน้อย
คลองขุนจ่าเมือง,บางขุนเทียน,1021,เขตบางขุนเทียน
คลองขุนทรัพย์ 1,บางกอกน้อย,1020,เขตบางกอกน้อย
คลองขุนราชพินิจใจ,บางขุนเทียน,1021,เขตบางขุนเทียน
คลองขุนศรีบุรีรักษ์,ทวีวัฒนา,1048,เขตทวีวัฒนา
คลองขุนสกล,สวนหลวง,1034,เขตสวนหลวง
คลองขุนสากล (ช่วงปลาย),ประเวศ,1032,เขตประเวศ
คลองขุมทรัพย์ 2,บางกอกน้อย,1020,เขตบางกอกน้อย
คลองเขมร,บางขุนเทียน,1021,เขตบางขุนเทียน
คลองแขก,บางขุนเทียน,1021,เขตบางขุนเทียน
คลองแขก,ลาดกระบัง,1011,เขตลาดกระบัง
คลองคราม,บางกอกน้อย,1020,เขตบางกอกน้อย
คลองครุ,คันนายาว,1043,เขตคันนายาว
คลองครูปรีชา,บางขุนเทียน,1021,เขตบางขุนเทียน
คลองครูสม,ภาษีเจริญ,1022,เขตภาษีเจริญ
คลองครูเสงี่ยม,ภาษีเจริญ,1022,เขตภาษีเจริญ
คลองควาย,ทวีวัฒนา,1048,เขตทวีวัฒนา
คลองควาย,บางบอน,1050,เขตบางบอน
คลองควาย(บางแค),บางแค,1040,เขตบางแค
คลองควาย(สวนหลวง),สวนหลวง,1034,เขตสวนหลวง
คลองคาง,คลองเตย,1033,เขตคลองเตย
คลองค้างคาว,ทุ่งครุ,1049,เขตทุ่งครุ
คลองคำหริ่ม,หนองแขม,1023,เขตหนองแขม
คลองคู้ (คลองตาสาด),สวนหลวง,1034,เขตสวนหลวง
คลองคูเมืองเดิม (คลองหลอด),พระนคร,1001,เขตพระนคร
คลองคู้หมัน,คันนายาว,1043,เขตคันนายาว
คลองเคล็ด,สวนหลวง,1034,เขตสวนหลวง
คลองโคกกุลี,บางบอน,1050,เขตบางบอน
คลองโคกคราม,ลาดพร้าว,1038,เขตลาดพร้าว
คลองโคกบ่าวสาว,คันนายาว,1043,เขตคันนายาว
คลองเงิน (เม่งเส็ง),ดุสิต,1002,เขตดุสิต
คลองจรเข้ขบ,ประเวศ,1032,เขตประเวศ
คลองจรเข้โพรง,สายไหม,1042,เขตสายไหม
คลองจระเข้บัว,บางเขน,1005,เขตบางเขน
คลองจวน,สวนหลวง,1034,เขตสวนหลวง
คลองจักร,หนองจอก,1003,เขตหนองจอก
คลองจักรทอง (วัดทอง),บางกอกน้อย,1020,เขตบางกอกน้อย
คลองจั่น,บางกะปิ,1006,เขตบางกะปิ
คลองจ้าหล่า 1,สายไหม,1042,เขตสายไหม
คลองจ้าหล่า 2,สายไหม,1042,เขตสายไหม
คลองจ้าหล่าใหญ่,สายไหม,1042,เขตสายไหม
คลองจิก,บางกะปิ,1006,เขตบางกะปิ
คลองจิกกานดา,บางกะปิ,1006,เขตบางกะปิ
คลองจิต  ( ระหว่างซอยราม ฯ 44-46 ),บางกะปิ,1006,เขตบางกะปิ
คลองจิตรมิตรมหาดไทย,วังทองหลาง,1045,เขตวังทองหลาง
คลองจีน,จอมทอง,1035,เขตจอมทอง
คลองจุลนาค,ป้อมปราบศัตรูพ่าย,1008,เขตป้อมปราบศัตรูพ่าย
คลองเจ็ก,พระโขนง,1009,เขตพระโขนง
คลองเจ็ก,สวนหลวง,1034,เขตสวนหลวง
คลองเจ็ก  (คลองสามวา),คลองสามวา,1046,เขตคลองสามวา
คลองเจ็ก(บางขุนเทียน),บางขุนเทียน,1021,เขตบางขุนเทียน
คลองเจ็ก(มีนบุรี),มีนบุรี,1010,เขตมีนบุรี
คลองเจ็ก(ลาดกระบัง),ลาดกระบัง,1011,เขตลาดกระบัง
คลองเจ็ก(สะพานสูง),สะพานสูง,1044,เขตสะพานสูง
คลองเจ๊กตาย,หนองจอก,1003,เขตหนองจอก
คลองเจ็ดขนัด,สวนหลวง,1034,เขตสวนหลวง
คลองเจ้าครุฑ,บางพลัด,1025,เขตบางพลัด
คลองเจ้าคุณ(จอมทอง),จอมทอง,1035,เขตจอมทอง
คลองเจ้าคุณ(บางกอกน้อย),บางกอกน้อย,1020,เขตบางกอกน้อย
คลองเจ้าคุณสิงห์,วังทองหลาง,1045,เขตวังทองหลาง
คลองเจียรดับ,หนองจอก,1003,เขตหนองจอก
คลองเจือศักดิ์,บางบอน,1050,เขตบางบอน
คลองแจงร้อน, ราษฎร์บูรณะ,1024,เขตราษฏร์บูรณะ
คลองฉัตรโฉม,บางกะปิ,1006,เขตบางกะปิ
คลองเฉลิมชัยพัฒนา,บางขุนเทียน,1021,เขตบางขุนเทียน
คลองชวดด้วน,บึงกุ่ม,1027,เขตบึงกุ่ม
คลองชวดใหญ่ (ลำรางยมราช),ห้วยขวาง,1017,เขตห้วยขวาง
คลองช่องนนทรี,บางรัก,1004,เขตบางรัก
คลองชักพระ,ตลิ่งชัน,1019,เขตตลิ่งชัน
คลองชัยรวมราษฎร์,บางบอน,1050,เขตบางบอน
คลองเชิงตาแพ,บางขุนเทียน,1021,เขตบางขุนเทียน
คลองเชื่อมคลองหลังวัดม่วงกับ,บางแค,1040,เขตบางแค
คลองแชเผือก,หนองจอก,1003,เขตหนองจอก
คลองซอย,ทวีวัฒนา,1048,เขตทวีวัฒนา
คลองซอย 5 เจดีย์,ธนบุรี,1015,เขตธนบุรี
คลองซอยกิตติกมล,บางกอกใหญ่,1016,เขตบางกอกใหญ่
คลองซอยจรัญสนิทวงศ์ 1,บางกอกใหญ่,1016,เขตบางกอกใหญ่
คลองซอยเจริญนคร 78,ธนบุรี,1015,เขตธนบุรี
คลองซอยเชื่อมคลองลำแบนกับ,คลองสามวา,1046,เขตคลองสามวา
คลองซอยตากสิน 18,ธนบุรี,1015,เขตธนบุรี
คลองซอยตากสิน 5,คลองสาน,1018,เขตคลองสาน
คลองซอยทหารเรือ 1,ธนบุรี,1015,เขตธนบุรี
คลองซอยทหารเรือ 2,ธนบุรี,1015,เขตธนบุรี
คลองซอยที่ 10,หนองจอก,1003,เขตหนองจอก
คลองซอยที่ 11,หนองจอก,1003,เขตหนองจอก
คลองซอยที่ 8,คลองสามวา,1046,เขตคลองสามวา
คลองซอยที่ 9,คลองสามวา,1046,เขตคลองสามวา
คลองซอยเทพนิมิตร,บางพลัด,1025,เขตบางพลัด
คลองซอยประชากรไทย,ธนบุรี,1015,เขตธนบุรี
คลองซอยพยุง,ธนบุรี,1015,เขตธนบุรี
คลองซอยเภสัชไทย,ธนบุรี,1015,เขตธนบุรี
คลองซอยร่วมใจ,ธนบุรี,1015,เขตธนบุรี
คลองซอยโรงคราม,ธนบุรี,1015,เขตธนบุรี
คลองซอยโรงเจ 1,ธนบุรี,1015,เขตธนบุรี
คลองซอยโรงเจ 2,ธนบุรี,1015,เขตธนบุรี
คลองซอยโรงเจ 3,ธนบุรี,1015,เขตธนบุรี
คลองซอยโรงเจ 4,ธนบุรี,1015,เขตธนบุรี
คลองซอยวรวิทย์,ธนบุรี,1015,เขตธนบุรี
คลองซอยสะพานยาว,ธนบุรี,1015,เขตธนบุรี
คลองซอยหลวงเชิดวุฒากาศ,ธนบุรี,1015,เขตธนบุรี
คลองซุง(ปทุมวัน),ปทุมวัน,1007,เขตปทุมวัน
คลองแซ่ซิ้ม (หมอชุบ),ธนบุรี,1015,เขตธนบุรี
คลองญี่ปุ่น,สะพานสูง,1044,เขตสะพานสูง
คลองด้วน,คลองสามวา,1046,เขตคลองสามวา
คลองดอนอีกา,บึงกุ่ม,1027,เขตบึงกุ่ม
คลองด่าน,ภาษีเจริญ,1022,เขตภาษีเจริญ
คลองดาวคะนอง, ราษฎร์บูรณะ,1024,เขตราษฏร์บูรณะ
คลองต้นกร่าง,บางแค,1040,เขตบางแค
คลองต้นตะโก,ราษฎร์บูรณะ,1024,เขตราษฏร์บูรณะ
คลองต้นตาล,ประเวศ,1032,เขตประเวศ
คลองต้นตาล (เกษจำเริญ),บางกอกใหญ่,1016,เขตบางกอกใหญ่
คลองต้นตาล (น้ำเค็ม),บางขุนเทียน,1021,เขตบางขุนเทียน
คลองต้นตาล (น้ำจืด),บางขุนเทียน,1021,เขตบางขุนเทียน
คลองต้นตาล (อาชีวธนบุรี),บางกอกใหญ่,1016,เขตบางกอกใหญ่
คลองต้นไทร,คลองสาน,1018,เขตคลองสาน
คลองต้นไทร,จอมทอง,1035,เขตจอมทอง
คลองต้นไทร(บางกอกน้อย),บางกอกน้อย,1020,เขตบางกอกน้อย
คลองต้นไทร(บางกอกใหญ่),บางกอกใหญ่,1016,เขตบางกอกใหญ่
คลองต้นไทร(ราษฎร์บูรณะ),ราษฎร์บูรณะ,1024,เขตราษฏร์บูรณะ
คลองต้นนุ่น,คลองสาน,1018,เขตคลองสาน
คลองต้นมะฆะ,ภาษีเจริญ,1022,เขตภาษีเจริญ
คลองต้นโศก,ราษฎร์บูรณะ,1024,เขตราษฏร์บูรณะ
คลองต้นสน,ภาษีเจริญ,1022,เขตภาษีเจริญ
คลองตรง,ภาษีเจริญ,1022,เขตภาษีเจริญ
คลองตรง(จอมทอง),จอมทอง,1035,เขตจอมทอง
คลองตรง(บางขุนเทียน),บางขุนเทียน,1021,เขตบางขุนเทียน
คลองตรงข้ามคลองครูเสงี่ยม,บางแค,1040,เขตบางแค
คลองตราชู,บางกอกน้อย,1020,เขตบางกอกน้อย
คลองตัน,วัฒนา,1039,เขตวัฒนา
คลองตากือ,ภาษีเจริญ,1022,เขตภาษีเจริญ
คลองตากือ 1,ภาษีเจริญ,1022,เขตภาษีเจริญ
คลองตาขาว,ภาษีเจริญ,1022,เขตภาษีเจริญ
คลองตาเจริญ,ทุ่งครุ,1049,เขตทุ่งครุ
คลองตาฉ่ำ,ภาษีเจริญ,1022,เขตภาษีเจริญ
คลองตาฉุย,จอมทอง,1035,เขตจอมทอง
คลองตาโฉม,บางขุนเทียน,1021,เขตบางขุนเทียน
คลองตาช้าง,ประเวศ,1032,เขตประเวศ
คลองตาเชื่อม,ราษฎร์บูรณะ,1024,เขตราษฏร์บูรณะ
คลองตาแซ,ทุ่งครุ,1049,เขตทุ่งครุ
คลองตาดา,ราษฎร์บูรณะ,1024,เขตราษฏร์บูรณะ
คลองตาแดง,ทุ่งครุ,1049,เขตทุ่งครุ
คลองตาตี่,บางแค,1040,เขตบางแค
คลองตาเตี้ย,หนองจอก,1003,เขตหนองจอก
คลองตาถึง,ทุ่งครุ,1049,เขตทุ่งครุ
คลองตาทอง,จอมทอง,1035,เขตจอมทอง
คลองตาทอด,บางขุนเทียน,1021,เขตบางขุนเทียน
คลองตาเทียบ,ราษฎร์บูรณะ,1024,เขตราษฏร์บูรณะ
คลองตาเทียม,บางแค,1040,เขตบางแค
คลองตาแท้,ทุ่งครุ,1049,เขตทุ่งครุ
คลองตาโท้,ภาษีเจริญ,1022,เขตภาษีเจริญ
คลองตาบ๊อ,บางแค,1040,เขตบางแค
คลองตาบัว,ทุ่งครุ,1049,เขตทุ่งครุ
คลองตาปลั่ง(บางขุนเทียน),บางขุนเทียน,1021,เขตบางขุนเทียน
คลองตาปลั่ง(หนองแขม),หนองแขม,1023,เขตหนองแขม
คลองตาเปล่ง,จอมทอง,1035,เขตจอมทอง
คลองตาเปีย,ประเวศ,1032,เขตประเวศ
คลองตาแป้น,ภาษีเจริญ,1022,เขตภาษีเจริญ
คลองตาผิน,บางขุนเทียน,1021,เขตบางขุนเทียน
คลองตาแผลง,จอมทอง,1035,เขตจอมทอง
คลองตาพุก ,ประเวศ,1032,เขตประเวศ
คลองตาพุก(ลาดกระบัง),ลาดกระบัง,1011,เขตลาดกระบัง
คลองตาพูน (ทางเข้าวัดบุญยประดิษฐ์),บางแค,1040,เขตบางแค
คลองตาเพชร,บางพลัด,1025,เขตบางพลัด
คลองตาเพิ่ม,บางแค,1040,เขตบางแค
คลองตาม่วง,ภาษีเจริญ,1022,เขตภาษีเจริญ
คลองตาม่วง(จอมทอง),จอมทอง,1035,เขตจอมทอง
คลองตามั่ง,ราษฎร์บูรณะ,1024,เขตราษฏร์บูรณะ
คลองตามี,ทุ่งครุ,1049,เขตทุ่งครุ
คลองตาเม้ง,ทุ่งครุ,1049,เขตทุ่งครุ
คลองตาย้ง,บางแค,1040,เขตบางแค
คลองตายง(จอมทอง),จอมทอง,1035,เขตจอมทอง
คลองตายง(บางขุนเทียน),บางขุนเทียน,1021,เขตบางขุนเทียน
คลองตารุ่ง(จอมทอง),จอมทอง,1035,เขตจอมทอง
คลองตารุ่ง(บางขุนเทียน),บางขุนเทียน,1021,เขตบางขุนเทียน
คลองตาเร่ง(คันนายาว),คันนายาว,1043,เขตคันนายาว
คลองตาเร่ง(บึงกุ่ม),บึงกุ่ม,1027,เขตบึงกุ่ม
คลองตาเริก,ยานนาวา,1012,เขตยานนาวา
คลองตาลิด,จอมทอง,1035,เขตจอมทอง
คลองตาวงษ์,หนองจอก,1003,เขตหนองจอก
คลองตาสอน,ลาดกระบัง,1011,เขตลาดกระบัง
คลองตาสอนเก่า,ลาดกระบัง,1011,เขตลาดกระบัง
คลองตาสาด (คลองคู้),ประเวศ,1032,เขตประเวศ
คลองตาสุข,บางขุนเทียน,1021,เขตบางขุนเทียน
คลองตาสุ่ม,บางซื่อ,1029,เขตบางซื่อ
คลองตาหนวด,คลองสามวา,1046,เขตคลองสามวา
คลองตาหนัง,บางกะปิ,1006,เขตบางกะปิ
คลองตาห่วง,ยานนาวา,1012,เขตยานนาวา
คลองตาเหล็ก,บางคอแหลม,1031,เขตบางคอแหลม
คลองตาใหม่,บางแค,1040,เขตบางแค
คลองตาอูฐ,หลักสี่,1041,เขตหลักสี่
คลองเตย,คลองเตย,1033,เขตคลองเตย
คลองเตย,บางพลัด,1025,เขตบางพลัด
คลองเต้าปูน,สายไหม,1042,เขตสายไหม
คลองเตาอิฐ,บางพลัด,1025,เขตบางพลัด
คลองโต๊ะดำ,ทุ่งครุ,1049,เขตทุ่งครุ
คลองโต๊ะนิล,หนองจอก,1003,เขตหนองจอก
คลองโต๊ะพุด,ทุ่งครุ,1049,เขตทุ่งครุ
คลองโต๊ะยอ,บางกะปิ,1006,เขตบางกะปิ
คลองโต๊ะรอ,หนองจอก,1003,เขตหนองจอก
คลองทรงกระเทียม,วังทองหลาง,1045,เขตวังทองหลาง
คลองทรงเทวดา,บางกอกน้อย,1020,เขตบางกอกน้อย
คลองทวีวัฒนา,ทวีวัฒนา,1048,เขตทวีวัฒนา
คลองท่อ,ทวีวัฒนา,1048,เขตทวีวัฒนา
คลองทองหลาง,สวนหลวง,1034,เขตสวนหลวง
คลองทับช้างบน,สะพานสูง,1044,เขตสะพานสูง
คลองทับช้างล่าง,สะพานสูง,1044,เขตสะพานสูง
คลองทับยาว,ลาดกระบัง,1011,เขตลาดกระบัง
คลองท่าวาสุกรี,ดุสิต,1002,เขตดุสิต
คลองทุ่ง กม.11,จตุจักร,1030,เขตจตุจักร
คลองทุ่งบางซ่อน,บางซื่อ,1029,เขตบางซื่อ
คลองเทพยนต์,ภาษีเจริญ,1022,เขตภาษีเจริญ
คลองเทพยนต์ 2,ภาษีเจริญ,1022,เขตภาษีเจริญ
คลองเทพราช,บางแค,1040,เขตบางแค
คลองเทพา,คลองสาน,1018,เขตคลองสาน
คลองไทรชะมด,หนองจอก,1003,เขตหนองจอก
คลองนกกระจอก,ภาษีเจริญ,1022,เขตภาษีเจริญ
คลองนกกระจิบ,ภาษีเจริญ,1022,เขตภาษีเจริญ
คลองนกกระทุง,บางขุนเทียน,1021,เขตบางขุนเทียน
คลองนกเล็ก,ทุ่งครุ,1049,เขตทุ่งครุ
คลองนครเนื่องเขต,หนองจอก,1003,เขตหนองจอก
คลองนา(ทวีวัฒนา),ทวีวัฒนา,1048,เขตทวีวัฒนา
คลองนา(บางขุนเทียน),บางขุนเทียน,1021,เขตบางขุนเทียน
คลองนา(ประเวศ),ประเวศ,1032,เขตประเวศ
คลองนางชี,ป้อมปราบศัตรูพ่าย,1008,เขตป้อมปราบศัตรูพ่าย
คลองนางปาน,ราษฎร์บูรณะ,1024,เขตราษฏร์บูรณะ
คลองนางหงษ์,ปทุมวัน,1007,เขตปทุมวัน
คลองนาซอง,ดินแดง,1026,เขตดินแดง
คลองนาตับ,หนองจอก,1003,เขตหนองจอก
คลองนายเจริญ,ทุ่งครุ,1049,เขตทุ่งครุ
คลองนายผล,บางบอน,1050,เขตบางบอน
คลองนายสนม,ทุ่งครุ,1049,เขตทุ่งครุ
คลองนายโอ๋,บางขุนเทียน,1021,เขตบางขุนเทียน
คลองนาหมอน,หนองจอก,1003,เขตหนองจอก
คลองน้ำแก้ว,ดินแดง,1026,เขตดินแดง
คลองน้ำดอกไม้,บางกอกน้อย,1020,เขตบางกอกน้อย
คลองน้ำตาล,บางกอกน้อย,1020,เขตบางกอกน้อย
คลองน้ำอ้อย,บางกอกน้อย,1020,เขตบางกอกน้อย
คลองเนตรนุสรณ์,บางบอน,1050,เขตบางบอน
คลองเนินทราย,ทวีวัฒนา,1048,เขตทวีวัฒนา
คลองในซอยพุทธบูชา 44,ทุ่งครุ,1049,เขตทุ่งครุ
คลองในตรอกกระจก,บางกอกใหญ่,1016,เขตบางกอกใหญ่
คลองบวรรังษี,พระนคร,1001,เขตพระนคร
คลองบัว,ตลิ่งชัน,1019,เขตตลิ่งชัน
คลองบัว(จอมทอง),จอมทอง,1035,เขตจอมทอง
คลองบัว(บางเขน),บางเขน,1005,เขตบางเขน
คลองบัวคลี่,สะพานสูง,1044,เขตสะพานสูง
คลองบัวลอย,ลาดกระบัง,1011,เขตลาดกระบัง
คลองบางกระดี่,บางขุนเทียน,1021,เขตบางขุนเทียน
คลองบางกระดี่น้อย,บางขุนเทียน,1021,เขตบางขุนเทียน
คลองบางกระบือ,ดุสิต,1002,เขตดุสิต
คลองบางกอกใหญ่,ภาษีเจริญ,1022,เขตภาษีเจริญ
คลองบางกะปิ,ห้วยขวาง,1017,เขตห้วยขวาง
คลองบางขนุน,บางขุนเทียน,1021,เขตบางขุนเทียน
คลองบางขโมย,บางขุนเทียน,1021,เขตบางขุนเทียน
คลองบางขวด,บึงกุ่ม,1027,เขตบึงกุ่ม
คลองบางขวด (ตาเร่ง),บางเขน,1005,เขตบางเขน
คลองบางขี้,บางขุนเทียน,1021,เขตบางขุนเทียน
คลองบางขี้เก้ง,บางแค,1040,เขตบางแค
คลองบางขี้แก้ง,ภาษีเจริญ,1022,เขตภาษีเจริญ
คลองบางขุนเทียน,จอมทอง,1035,เขตจอมทอง
คลองบางขุนนนท์,บางกอกน้อย,1020,เขตบางกอกน้อย
คลองบางขุนพรหม,พระนคร,1001,เขตพระนคร
คลองบางเขน,จตุจักร,1030,เขตจตุจักร
คลองบางเขนใหม่,บางซื่อ,1029,เขตบางซื่อ
คลองบางค้อ,จอมทอง,1035,เขตจอมทอง
คลองบางคอแหลม,บางคอแหลม,1031,เขตบางคอแหลม
คลองบางคูเวียง(ทวีวัฒนา),ทวีวัฒนา,1048,เขตทวีวัฒนา
คลองบางคูเวียง(ลาดกระบัง),ลาดกระบัง,1011,เขตลาดกระบัง
คลองบางแค,บางแค,1040,เขตบางแค
คลองบางโคล่ - บ้านป่า,สวนหลวง,1034,เขตสวนหลวง
คลองบางโคล่น้อย,บางคอแหลม,1031,เขตบางคอแหลม
คลองบางโคล่วัด ,บางคอแหลม,1031,เขตบางคอแหลม
คลองบางโคล่สาร,บางคอแหลม,1031,เขตบางคอแหลม
คลองบางโคล่ใหญ่,บางคอแหลม,1031,เขตบางคอแหลม
คลองบางโคลัด,บางบอน,1050,เขตบางบอน
คลองบางจาก ,พระโขนง,1009,เขตพระโขนง
คลองบางจาก,ภาษีเจริญ,1022,เขตภาษีเจริญ
คลองบางจาก(ทุ่งครุ),ทุ่งครุ,1049,เขตทุ่งครุ
คลองบางจาก(บางพลัด),บางพลัด,1025,เขตบางพลัด
คลองบางจาก(พระโขนง 2),พระโขนง,1009,เขตพระโขนง
คลองบางจาก-บางเพลี้ย,ภาษีเจริญ,1022,เขตภาษีเจริญ
คลองบางจากล่าง,บางแค,1040,เขตบางแค
คลองบางชัน,คันนายาว,1043,เขตคันนายาว
คลองบางช้าง,ทุ่งครุ,1049,เขตทุ่งครุ
คลองบางเชือกหนัง,ทวีวัฒนา,1048,เขตทวีวัฒนา
คลองบางซ่อน,บางซื่อ,1029,เขตบางซื่อ
คลองบางซื่อ,ดุสิต,1002,เขตดุสิต
คลองบางด้วน,บางแค,1040,เขตบางแค
คลองบางด้วนใต้ - ราชมนตรี,ภาษีเจริญ,1022,เขตภาษีเจริญ
คลองบางด้วนเหนือ,ภาษีเจริญ,1022,เขตภาษีเจริญ
คลองบางตลาด,หลักสี่,1041,เขตหลักสี่
คลองบางตาล(ตลิ่งชัน),ตลิ่งชัน,1019,เขตตลิ่งชัน
คลองบางตาล(ทวีวัฒนา),ทวีวัฒนา,1048,เขตทวีวัฒนา
คลองบางเตย,บึงกุ่ม,1027,เขตบึงกุ่ม
คลองบางทองหลาง,ดุสิต,1002,เขตดุสิต
คลองบางน้อย(ตลิ่งชัน),ตลิ่งชัน,1019,เขตตลิ่งชัน
คลองบางน้อย(ทวีวัฒนา),ทวีวัฒนา,1048,เขตทวีวัฒนา
คลองบางนา,บางนา,1047,เขตบางนา
คลองบางนางจีน,สวนหลวง,1034,เขตสวนหลวง
คลองบางนางลี่,สวนหลวง,1034,เขตสวนหลวง
คลองบางน้ำชน,ธนบุรี,1015,เขตธนบุรี
คลองบางบอน,บางขุนเทียน,1021,เขตบางขุนเทียน
คลองบางบอน,บางบอน,1050,เขตบางบอน
คลองบางบำหรุ,บางกอกน้อย,1020,เขตบางกอกน้อย
คลองบางบูน,ราษฎร์บูรณะ,1024,เขตราษฏร์บูรณะ
คลองบางประทุน ,ภาษีเจริญ,1022,เขตภาษีเจริญ
คลองบางประทุน - คลองต้นสน,ภาษีเจริญ,1022,เขตภาษีเจริญ
คลองบางประทุน - คลองบางระแนะ 2,ภาษีเจริญ,1022,เขตภาษีเจริญ
คลองบางประทุน - บางระแนะ,ภาษีเจริญ,1022,เขตภาษีเจริญ
คลองบางปะกอก, ราษฎร์บูรณะ,1024,เขตราษฏร์บูรณะ
คลองบางปะแก้ว, ราษฎร์บูรณะ,1024,เขตราษฏร์บูรณะ
คลองบางไผ่,ภาษีเจริญ,1022,เขตภาษีเจริญ
คลองบางไผ่ตะวันตก,ภาษีเจริญ,1022,เขตภาษีเจริญ
คลองบางไผ่ตะวันออก,ภาษีเจริญ,1022,เขตภาษีเจริญ
คลองบางพรม,ตลิ่งชัน,1019,เขตตลิ่งชัน
คลองบางพรหม,ทวีวัฒนา,1048,เขตทวีวัฒนา
คลองบางพระครู,บางพลัด,1025,เขตบางพลัด
คลองบางพราน,บางบอน,1050,เขตบางบอน
คลองบางพลัด,บางพลัด,1025,เขตบางพลัด
คลองบางพลู,บางพลัด,1025,เขตบางพลัด
คลองบางพึ่ง,ราษฎร์บูรณะ,1024,เขตราษฏร์บูรณะ
คลองบางพูด,หลักสี่,1041,เขตหลักสี่
คลองบางพูด 2,หลักสี่,1041,เขตหลักสี่
คลองบางเพลี้ย,ภาษีเจริญ,1022,เขตภาษีเจริญ
คลองบางโพ,บางซื่อ,1029,เขตบางซื่อ
คลองบางโพงพางใต้,ยานนาวา,1012,เขตยานนาวา
คลองบางโพงพางเหนือ,ยานนาวา,1012,เขตยานนาวา
คลองบางมด ,จอมทอง,1035,เขตจอมทอง
คลองบางมะเขือ,วัฒนา,1039,เขตวัฒนา
คลองบางยี่ขัน,บางพลัด,1025,เขตบางพลัด
คลองบางระจันตอนต้น,ตลิ่งชัน,1019,เขตตลิ่งชัน
คลองบางระจันตอนปลาย,ตลิ่งชัน,1019,เขตตลิ่งชัน
คลองบางระทึก,ทวีวัฒนา,1048,เขตทวีวัฒนา
คลองบางระแนะ,ภาษีเจริญ,1022,เขตภาษีเจริญ
คลองบางระแนะน้อย,จอมทอง,1035,เขตจอมทอง
คลองบางระมาด,ตลิ่งชัน,1019,เขตตลิ่งชัน
คลองบางรัก,บางพลัด,1025,เขตบางพลัด
คลองบางละมุด,บางพลัด,1025,เขตบางพลัด
คลองบางลัด,บางแค,1040,เขตบางแค
คลองบางลำเจียก,บางกอกใหญ่,1016,เขตบางกอกใหญ่
คลองบางลำเจียกน้อย,บางกอกใหญ่,1016,เขตบางกอกใหญ่
คลองบางลำภูล่าง,คลองสาน,1018,เขตคลองสาน
คลองบางเลา,สะพานสูง,1044,เขตสะพานสูง
คลองบางแวก,ภาษีเจริญ,1022,เขตภาษีเจริญ
คลองบางแวก - บางด้วนเหนือ,ภาษีเจริญ,1022,เขตภาษีเจริญ
คลองบางแวก - แยกสามกรุงศรี,ภาษีเจริญ,1022,เขตภาษีเจริญ
คลองบางสะแก,จอมทอง,1035,เขตจอมทอง
คลองบางส่าย,ภาษีเจริญ,1022,เขตภาษีเจริญ
คลองบางสี่บาท,บางขุนเทียน,1021,เขตบางขุนเทียน
คลองบางไส้ไก่,ธนบุรี,1015,เขตธนบุรี
คลองบางหญ้า ,บางขุนเทียน,1021,เขตบางขุนเทียน
คลองบางหว้า,จอมทอง,1035,เขตจอมทอง
คลองบางอ้อ,บางพลัด,1025,เขตบางพลัด
คลองบางอ้อน้อย,พระโขนง,1009,เขตพระโขนง
คลองบางอ้อใหญ่,พระโขนง,1009,เขตพระโขนง
คลองบางอ้าย,ภาษีเจริญ,1022,เขตภาษีเจริญ
คลองบางอ้าย,บางแค,1040,เขตบางแค
คลองบ้านกล้วยใต้,คลองเตย,1033,เขตคลองเตย
คลองบ้านเกาะ,คันนายาว,1043,เขตคันนายาว
คลองบ้านขมิ้น,บางกอกน้อย,1020,เขตบางกอกน้อย
คลองบ้านขาว,บางกอกใหญ่,1016,เขตบางกอกใหญ่
คลองบ้านแขก,บางกอกใหญ่,1016,เขตบางกอกใหญ่
คลองบ้านญวนสามเสน,ดุสิต,1002,เขตดุสิต
คลองบ้านไทร(ตลิ่งชัน),ตลิ่งชัน,1019,เขตตลิ่งชัน
คลองบ้านไทร(ทวีวัฒนา),ทวีวัฒนา,1048,เขตทวีวัฒนา
คลองบ้านป่า,สวนหลวง,1034,เขตสวนหลวง
คลองบ้านม้า,บางกะปิ,1006,เขตบางกะปิ
คลองบ้านม้า 1,บางกะปิ,1006,เขตบางกะปิ
คลองบ้านม้า 2,สะพานสูง,1044,เขตสะพานสูง
คลองบ้านหลาย,พระโขนง,1009,เขตพระโขนง
คลองบ้านหลาย,สวนหลวง,1034,เขตสวนหลวง
คลองบ้านใหม่,ดอนเมือง,1036,เขตดอนเมือง
คลองบึงกลาง,หนองจอก,1003,เขตหนองจอก
คลองบึงขวาง,มีนบุรี,1010,เขตมีนบุรี
คลองบึงเขมร,หนองจอก,1003,เขตหนองจอก
คลองบึงชุมเห็ด,หนองจอก,1003,เขตหนองจอก
คลองบึงตัน,หนองจอก,1003,เขตหนองจอก
คลองบึงตาแดง,คลองสามวา,1046,เขตคลองสามวา
คลองบึงตาแรม,หนองจอก,1003,เขตหนองจอก
คลองบึงเตย,หนองจอก,1003,เขตหนองจอก
คลองบึงแตงโม  (คลองสามวา),คลองสามวา,1046,เขตคลองสามวา
คลองบึงแตงโม(หนองจอก),หนองจอก,1003,เขตหนองจอก
คลองบึงทรายกองดิน,คลองสามวา,1046,เขตคลองสามวา
คลองบึงทองหลาง,หนองจอก,1003,เขตหนองจอก
คลองบึงทองหลางเฒ่า,หนองจอก,1003,เขตหนองจอก
คลองบึงนายรุ่ง,หนองจอก,1003,เขตหนองจอก
คลองบึงบัวฝั่งตะวันตก,หนองจอก,1003,เขตหนองจอก
คลองบึงบัวฝั่งตะวันออก,หนองจอก,1003,เขตหนองจอก
คลองบึงปรง,หนองจอก,1003,เขตหนองจอก
คลองบึงไผ่,มีนบุรี,1010,เขตมีนบุรี
คลองบึงฝรั่ง,หนองจอก,1003,เขตหนองจอก
คลองบึงพระยาสุเรนทร์,บางเขน,1005,เขตบางเขน
คลองบึงเล็ก,หนองจอก,1003,เขตหนองจอก
คลองบึงสิงห์โต,หนองจอก,1003,เขตหนองจอก
คลองบึงใหญ่,หนองจอก,1003,เขตหนองจอก
คลองบุญสุข,บางขุนเทียน,1021,เขตบางขุนเทียน
คลองบุปผาราม,ธนบุรี,1015,เขตธนบุรี
คลองแบนชะโด  (คลองสามวา),คลองสามวา,1046,เขตคลองสามวา
คลองแบนชะโด(หนองจอก),หนองจอก,1003,เขตหนองจอก
คลองโบสถ์,ยานนาวา,1012,เขตยานนาวา
คลองปทุม,ทวีวัฒนา,1048,เขตทวีวัฒนา
คลองประมง (คลองโล่ง),บางขุนเทียน,1021,เขตบางขุนเทียน
คลองประเวศบุรีรมย์,ประเวศ,1032,เขตประเวศ
คลองปลัดเปรียง,ประเวศ,1032,เขตประเวศ
คลองปลายซอยวัดภคินีนาถ,บางพลัด,1025,เขตบางพลัด
คลองปักหลัก,ประเวศ,1032,เขตประเวศ
คลองปั้นจาด,ห้วยขวาง,1017,เขตห้วยขวาง
คลองปากน้ำ,ประเวศ,1032,เขตประเวศ
คลองปากลัดยานยนต์,ราษฎร์บูรณะ,1024,เขตราษฏร์บูรณะ
คลองปู่ชื่น,บางแค,1040,เขตบางแค
คลองเป้ง,วัฒนา,1039,เขตวัฒนา
คลองเปรมประชากร,ดุสิต,1002,เขตดุสิต
คลองแป๊ะจ่างบน,หนองจอก,1003,เขตหนองจอก
คลองแป๊ะจ่างล่าง,หนองจอก,1003,เขตหนองจอก
คลองผดุงกรุงเกษม,พระนคร,1001,เขตพระนคร
คลองผักกะเฉด,คลองสามวา,1046,เขตคลองสามวา
คลองผักหนาม,บางกอกน้อย,1020,เขตบางกอกน้อย
คลองผาสุขใจ (ช่วงที่ 1),บางแค,1040,เขตบางแค
คลองผาสุขใจ (ช่วงที่ 2),บางแค,1040,เขตบางแค
คลองผู้ช่วย,บางขุนเทียน,1021,เขตบางขุนเทียน
คลองผู้ใหญ่,ทวีวัฒนา,1048,เขตทวีวัฒนา
คลองผู้ใหญ่ชวลิต 1,ภาษีเจริญ,1022,เขตภาษีเจริญ
คลองผู้ใหญ่ชวลิต 2,ภาษีเจริญ,1022,เขตภาษีเจริญ
คลองผู้ใหญ่ชิน,จอมทอง,1035,เขตจอมทอง
คลองผู้ใหญ่น่วม,ตลิ่งชัน,1019,เขตตลิ่งชัน
คลองผู้ใหญ่ปลื้ม,บางแค,1040,เขตบางแค
คลองผู้ใหญ่เปล่ง,จอมทอง,1035,เขตจอมทอง
คลองผู้ใหญ่สมนึก,จอมทอง,1035,เขตจอมทอง
คลองผู้ใหญ่สังข์,ราษฎร์บูรณะ,1024,เขตราษฏร์บูรณะ
คลองผู้ใหญ่เส็ง 1,บางแค,1040,เขตบางแค
คลองผู้ใหญ่เส็ง 2,บางแค,1040,เขตบางแค
คลองไผ่ขวด,ทุ่งครุ,1049,เขตทุ่งครุ
คลองไผ่เขียว,บางเขน,1005,เขตบางเขน
คลองไผ่ดำ,หนองจอก,1003,เขตหนองจอก
คลองไผ่สิงห์โต,ปทุมวัน,1007,เขตปทุมวัน
คลองไผ่เสือขบ,หนองจอก,1003,เขตหนองจอก
คลองแฝด,ยานนาวา,1012,เขตยานนาวา
คลองพญาเวิก,จตุจักร,1030,เขตจตุจักร
คลองพนาโรจน์,คลองสาน,1018,เขตคลองสาน
คลองพระโขนง,คลองเตย,1033,เขตคลองเตย
คลองพระโขนงเก่า,สวนหลวง,1034,เขตสวนหลวง
คลองพระไชยยศสมบัติ,บางขุนเทียน,1021,เขตบางขุนเทียน
คลองพระยาเกษม,คลองสาน,1018,เขตคลองสาน
คลองพระยาราชมนตรี,บางขุนเทียน,1021,เขตบางขุนเทียน
คลองพระยาสุเรนทร์,สายไหม,1042,เขตสายไหม
คลองพระราชดำริ 1,คลองสามวา,1046,เขตคลองสามวา
คลองพระราชดำริ 2,คลองสามวา,1046,เขตคลองสามวา
คลองพระสวัสดิ์,พระนคร,1001,เขตพระนคร
คลองพริกป่น,บางกอกน้อย,1020,เขตบางกอกน้อย
คลองพลับ,คลองเตย,1033,เขตคลองเตย
คลองพลับพลา,วังทองหลาง,1045,เขตวังทองหลาง
คลองพิณพาทย์,บางพลัด,1025,เขตบางพลัด
คลองพิณพาทย์(บางกอกน้อย),บางกอกน้อย,1020,เขตบางกอกน้อย
คลองพิทยาลงกรณ์,บางขุนเทียน,1021,เขตบางขุนเทียน
คลองพิมพ์เสงี่ยม,บางบอน,1050,เขตบางบอน
คลองแพรกคลองนา 1,จอมทอง,1035,เขตจอมทอง
คลองแพรกคลองนา 2,จอมทอง,1035,เขตจอมทอง
คลองแพรเขียว,บางเขน,1005,เขตบางเขน
คลองโพธิ์(จอมทอง),จอมทอง,1035,เขตจอมทอง
คลองโพธิ์(ทวีวัฒนา),ทวีวัฒนา,1048,เขตทวีวัฒนา
คลองโพธินิมิตร 1,ธนบุรี,1015,เขตธนบุรี
คลองโพธินิมิตร 2,ธนบุรี,1015,เขตธนบุรี
คลองโพธินิมิตร 3,ธนบุรี,1015,เขตธนบุรี
คลองโพธินิมิตร 4,ธนบุรี,1015,เขตธนบุรี
คลองโพธินิมิตร 5,ธนบุรี,1015,เขตธนบุรี
คลองโพธินิมิตร 6,ธนบุรี,1015,เขตธนบุรี
คลองภาษีเจริญ,ภาษีเจริญ,1022,เขตภาษีเจริญ
คลองภูมิ,ยานนาวา,1012,เขตยานนาวา
คลองมณี,สะพานสูง,1044,เขตสะพานสูง
คลองมหานาค,ป้อมปราบศัตรูพ่าย,1008,เขตป้อมปราบศัตรูพ่าย
คลองมหาศร,หนองแขม,1023,เขตหนองแขม
คลองมอญ,บางกอกใหญ่,1016,เขตบางกอกใหญ่
คลองมอญ(บางพลัด),บางพลัด,1025,เขตบางพลัด
คลองมอญ(ประเวศ),ประเวศ,1032,เขตประเวศ
คลองมอญ(พระโขนง),พระโขนง,1009,เขตพระโขนง
คลองมอญ(สะพานสูง),สะพานสูง,1044,เขตสะพานสูง
คลองมอญประดิษฐ์,บางแค,1040,เขตบางแค
คลองมะขามเทศ,ประเวศ,1032,เขตประเวศ
คลองมะเขือขื่น,คลองสามวา,1046,เขตคลองสามวา
คลองมะนาว,บางคอแหลม,1031,เขตบางคอแหลม
คลองมะนาว(บางกอกน้อย),บางกอกน้อย,1020,เขตบางกอกน้อย
คลองมะนาว(บางพลัด),บางพลัด,1025,เขตบางพลัด
คลองม้า,ภาษีเจริญ,1022,เขตภาษีเจริญ
คลองมาก,จอมทอง,1035,เขตจอมทอง
คลองแม่จันทร์,สะพานสูง,1044,เขตสะพานสูง
คลองแมะดำ,หนองจอก,1003,เขตหนองจอก
คลองย่างควาย (กลางทุ่ง),บางขุนเทียน,1021,เขตบางขุนเทียน
คลองยายกวย,บางแค,1040,เขตบางแค
คลองยายจำปี,จอมทอง,1035,เขตจอมทอง
คลองยายจำปี,ราษฎร์บูรณะ,1024,เขตราษฏร์บูรณะ
คลองยายต่วน,บางขุนเทียน,1021,เขตบางขุนเทียน
คลองยายต่วน,หนองแขม,1023,เขตหนองแขม
คลองยายทิม,ภาษีเจริญ,1022,เขตภาษีเจริญ
คลองยายเท้า,บางซื่อ,1029,เขตบางซื่อ
คลองยายเทียบ,บางแค,1040,เขตบางแค
คลองยายเผื่อน,บางกะปิ,1006,เขตบางกะปิ
คลองยายเพิ่มช่วงปลาย,บางแค,1040,เขตบางแค
คลองยายเพียร,ภาษีเจริญ,1022,เขตภาษีเจริญ
คลองยายโมง,ทวีวัฒนา,1048,เขตทวีวัฒนา
คลองยายล้อม,คลองเตย,1033,เขตคลองเตย
คลองยายวัน,จอมทอง,1035,เขตจอมทอง
คลองยายวาด,ตลิ่งชัน,1019,เขตตลิ่งชัน
คลองยายวี,จอมทอง,1035,เขตจอมทอง
คลองยายสร้อย  (คลองเตย),คลองเตย,1033,เขตคลองเตย
คลองยายสร้อย  (บางแค),บางแค,1040,เขตบางแค
คลองยายสาย,ภาษีเจริญ,1022,เขตภาษีเจริญ
คลองยายสุ่น,ห้วยขวาง,1017,เขตห้วยขวาง
คลองยายแสง,ทุ่งครุ,1049,เขตทุ่งครุ
คลองยายหนอม,ทวีวัฒนา,1048,เขตทวีวัฒนา
คลองยายหรั่ง,ยานนาวา,1012,เขตยานนาวา
คลองแยกคลองกระเฉด 1,บางเขน,1005,เขตบางเขน
คลองแยกคลองกุฏีจีน,ธนบุรี,1015,เขตธนบุรี
คลองแยกคลองกุ่มแดง,บางเขน,1005,เขตบางเขน
คลองแยกคลองครูเสงี่ยม,ภาษีเจริญ,1022,เขตภาษีเจริญ
คลองแยกคลองชักพระ,บางกอกน้อย,1020,เขตบางกอกน้อย
คลองแยกคลองต้นตาล,บางขุนเทียน,1021,เขตบางขุนเทียน
คลองแยกคลองตะโหนด,มีนบุรี,1010,เขตมีนบุรี
คลองแยกคลองตาตี่,บางแค,1040,เขตบางแค
คลองแยกคลองตาเทียม 1,บางแค,1040,เขตบางแค
คลองแยกคลองตาเทียม 2,บางแค,1040,เขตบางแค
คลองแยกคลองเทพยนต์,ภาษีเจริญ,1022,เขตภาษีเจริญ
คลองแยกคลองบางกอกใหญ่,ภาษีเจริญ,1022,เขตภาษีเจริญ
คลองแยกคลองบางจาก 5,ภาษีเจริญ,1022,เขตภาษีเจริญ
คลองแยกคลองบางซ่อน,บางซื่อ,1029,เขตบางซื่อ
คลองแยกคลองบางด้วนเหนือ 1,ภาษีเจริญ,1022,เขตภาษีเจริญ
คลองแยกคลองบางด้วนเหนือ 2,ภาษีเจริญ,1022,เขตภาษีเจริญ
คลองแยกคลองบางยี่ขัน,บางพลัด,1025,เขตบางพลัด
คลองแยกคลองบางแวก ,บางแค,1040,เขตบางแค
คลองแยกคลองบางแวก 1,บางแค,1040,เขตบางแค
คลองแยกคลองบางแวก 2,บางแค,1040,เขตบางแค
คลองแยกคลองบางแวก(ใกล้คลองตาตี่),บางแค,1040,เขตบางแค
คลองแยกคลองบางไส้ไก่,ธนบุรี,1015,เขตธนบุรี
คลองแยกคลองบางหว้า,ภาษีเจริญ,1022,เขตภาษีเจริญ
คลองแยกคลองพระอง,ลาดกระบัง,1011,เขตลาดกระบัง
คลองแยกคลองมอญ,บางพลัด,1025,เขตบางพลัด
คลองแยกคลองยายเพิ่ม,บางแค,1040,เขตบางแค
คลองแยกคลองลัดครูเสงี่ยม 1 ,บางแค,1040,เขตบางแค
คลองแยกคลองลัดครูเสงี่ยม 2 ,บางแค,1040,เขตบางแค
คลองแยกคลองลำหิน ,มีนบุรี,1010,เขตมีนบุรี
คลองแยกคลองวัดทองธรรมชาติ,คลองสาน,1018,เขตคลองสาน
คลองแยกคลองวัดยานนาวา,สาทร,1028,เขตสาทร
คลองแยกคลองสะพานสูง,สะพานสูง,1044,เขตสะพานสูง
คลองแยกคลองหนองบัวมน,บางเขน,1005,เขตบางเขน
คลองแยกเชิงตาแพ,บางขุนเทียน,1021,เขตบางขุนเทียน
คลองแยกนาหมอน,หนองจอก,1003,เขตหนองจอก
คลองแยกบางจาก 1,ภาษีเจริญ,1022,เขตภาษีเจริญ
คลองแยกบางจาก 2,ภาษีเจริญ,1022,เขตภาษีเจริญ
คลองแยกบางจาก 3,ภาษีเจริญ,1022,เขตภาษีเจริญ
คลองแยกบางจาก 4,ภาษีเจริญ,1022,เขตภาษีเจริญ
คลองแยกบางเชือกหนัง 1,ภาษีเจริญ,1022,เขตภาษีเจริญ
คลองแยกบางเชือกหนัง 2,ภาษีเจริญ,1022,เขตภาษีเจริญ
คลองแยกบางน้อย,ทวีวัฒนา,1048,เขตทวีวัฒนา
คลองแยกบางไผ่ 1,ภาษีเจริญ,1022,เขตภาษีเจริญ
คลองแยกบางไผ่ 2,ภาษีเจริญ,1022,เขตภาษีเจริญ
คลองแยกบางเพลี้ย 1,ภาษีเจริญ,1022,เขตภาษีเจริญ
คลองแยกบางเพลี้ย 2,ภาษีเจริญ,1022,เขตภาษีเจริญ
คลองแยกบางเพลี้ย 3,ภาษีเจริญ,1022,เขตภาษีเจริญ
คลองแยกบางแวก 1,ภาษีเจริญ,1022,เขตภาษีเจริญ
คลองแยกบางแวก 2,ภาษีเจริญ,1022,เขตภาษีเจริญ
คลองแยกบางแวก 3,ภาษีเจริญ,1022,เขตภาษีเจริญ
คลองแยกบางแวก 4,ภาษีเจริญ,1022,เขตภาษีเจริญ
คลองแยกบางแวก 5,ภาษีเจริญ,1022,เขตภาษีเจริญ
คลองแยกบางสะแก 1,ธนบุรี,1015,เขตธนบุรี
คลองแยกบางสะแก 2,ธนบุรี,1015,เขตธนบุรี
คลองแยกบางสะแก 3,ธนบุรี,1015,เขตธนบุรี
คลองแยกบางสะแก 4,ธนบุรี,1015,เขตธนบุรี
คลองแยกบางสะแก 5,ธนบุรี,1015,เขตธนบุรี
คลองแยกบางสะแก 6,ธนบุรี,1015,เขตธนบุรี
คลองแยกบางสะแก 8,ธนบุรี,1015,เขตธนบุรี
คลองแยกบางสะแก 9,ธนบุรี,1015,เขตธนบุรี
คลองแยกบางสะแก 10,ธนบุรี,1015,เขตธนบุรี
คลองแยกบางสะแก 11,ธนบุรี,1015,เขตธนบุรี
คลองแยกบางสะแก 12,ธนบุรี,1015,เขตธนบุรี
คลองแยกบางสะแก 13,ธนบุรี,1015,เขตธนบุรี
คลองแยกบางหญ้า 1,บางขุนเทียน,1021,เขตบางขุนเทียน
คลองแยกบางหญ้า 2,บางขุนเทียน,1021,เขตบางขุนเทียน
คลองแยกยายสร้อย,บางแค,1040,เขตบางแค
คลองแยกรางแค,บางขุนเทียน,1021,เขตบางขุนเทียน
คลองแยกรางบัว 1,ภาษีเจริญ,1022,เขตภาษีเจริญ
คลองแยกรางบัว 2,ภาษีเจริญ,1022,เขตภาษีเจริญ
คลองแยกรางบัว 3,ภาษีเจริญ,1022,เขตภาษีเจริญ
คลองแยกรางบัว 4,ภาษีเจริญ,1022,เขตภาษีเจริญ
คลองแยกรางบัว 5,ภาษีเจริญ,1022,เขตภาษีเจริญ
คลองแยกราชมนตรี 1,ภาษีเจริญ,1022,เขตภาษีเจริญ
คลองแยกลำโขล่,หนองจอก,1003,เขตหนองจอก
คลองแยกลำต้อยติ่ง,หนองจอก,1003,เขตหนองจอก
คลองแยกลำตามีร้องไห้,หนองจอก,1003,เขตหนองจอก
คลองแยกวัดประดู่ ฯ,บางกอกใหญ่,1016,เขตบางกอกใหญ่
คลองแยกวัดลาดปลาเค้า,ลาดพร้าว,1038,เขตลาดพร้าว
คลองแยกวัดอรุณ,บางกอกใหญ่,1016,เขตบางกอกใหญ่
คลองแยกสวนอ้อย 1 ,ภาษีเจริญ,1022,เขตภาษีเจริญ
คลองแยกอาจารย์พร,ประเวศ,1032,เขตประเวศ
คลองแยกอู่ตะเภา,หนองจอก,1003,เขตหนองจอก
คลองรอบกรุง (คลองบางลำภู),พระนคร,1001,เขตพระนคร
คลองรอบกรุง (คลองโอ่งอ่าง),พระนคร,1001,เขตพระนคร
คลองระบายน้ำ,คลองสามวา,1046,เขตคลองสามวา
คลองระหัส,บึงกุ่ม,1027,เขตบึงกุ่ม
คลองระหาญ,บางขุนเทียน,1021,เขตบางขุนเทียน
คลองรางกะนก,บางขุนเทียน,1021,เขตบางขุนเทียน
คลองรางขมิ้น,ทุ่งครุ,1049,เขตทุ่งครุ
คลองรางขวาง,ทุ่งครุ,1049,เขตทุ่งครุ
คลองรางขวาง,บางบอน,1050,เขตบางบอน
คลองรางขี้เหล็ก,บางบอน,1050,เขตบางบอน
คลองรางเข้ (ตาสอน),บางขุนเทียน,1021,เขตบางขุนเทียน
คลองรางแขก,ทุ่งครุ,1049,เขตทุ่งครุ
คลองรางแค,บางขุนเทียน,1021,เขตบางขุนเทียน
คลองรางจาก,ทุ่งครุ,1049,เขตทุ่งครุ
คลองรางตรง,ทุ่งครุ,1049,เขตทุ่งครุ
คลองรางตัน,ทุ่งครุ,1049,เขตทุ่งครุ
คลองรางตาทุย,ลาดกระบัง,1011,เขตลาดกระบัง
คลองรางตาผ่อง,ลาดกระบัง,1011,เขตลาดกระบัง
คลองรางนาเสน,บางขุนเทียน,1021,เขตบางขุนเทียน
คลองรางบัว(จอมทอง),จอมทอง,1035,เขตจอมทอง
คลองรางบัว(ภาษีเจริญ),ภาษีเจริญ,1022,เขตภาษีเจริญ
คลองรางไผ่,บางขุนเทียน,1021,เขตบางขุนเทียน
คลองรางไผ่ 1,บางบอน,1050,เขตบางบอน
คลองรางไผ่ 2,บางบอน,1050,เขตบางบอน
คลองรางไผ่ 3,บางบอน,1050,เขตบางบอน
คลองรางโพธิ์,บางบอน,1050,เขตบางบอน
คลองรางโพธิ์ (ลำรางโพธิ์),บางขุนเทียน,1021,เขตบางขุนเทียน
คลองรางโพธิ์(ทุ่งครุ),ทุ่งครุ,1049,เขตทุ่งครุ
คลองรางโพธิ์บน,บางขุนเทียน,1021,เขตบางขุนเทียน
คลองรางโพธิ์ล่าง,บางขุนเทียน,1021,เขตบางขุนเทียน
คลองรางแม่น้ำ,ทุ่งครุ,1049,เขตทุ่งครุ
คลองรางยายคง,บางขุนเทียน,1021,เขตบางขุนเทียน
คลองรางยายเพียร,บางขุนเทียน,1021,เขตบางขุนเทียน
คลองรางราชพฤกษ์ ,ทุ่งครุ,1049,เขตทุ่งครุ
คลองรางเวก,ทุ่งครุ,1049,เขตทุ่งครุ
คลองรางสะแก,บางขุนเทียน,1021,เขตบางขุนเทียน
คลองรางใหญ่,ทุ่งครุ,1049,เขตทุ่งครุ
คลองรางอ้อ - รางแก้ว,บางเขน,1005,เขตบางเขน
คลองราชพฤกษ์ ,ทุ่งครุ,1049,เขตทุ่งครุ
คลองราชพฤกษ์น้อย,ทุ่งครุ,1049,เขตทุ่งครุ
คลองราชพฤกษ์ใหญ่,ทุ่งครุ,1049,เขตทุ่งครุ
คลองราชมนตรี - บางโคลัด,ภาษีเจริญ,1022,เขตภาษีเจริญ
คลองราษฎร์เจริญสุข,หนองแขม,1023,เขตหนองแขม
คลองราษฎร์สามัคคี,หนองแขม,1023,เขตหนองแขม
คลองราษฏร์บูรณะ, ราษฎร์บูรณะ,1024,เขตราษฏร์บูรณะ
คลองโรงฆ่าสัตว์,บางคอแหลม,1031,เขตบางคอแหลม
คลองโรงน้ำมัน,ยานนาวา,1012,เขตยานนาวา
คลองโรงปลา,คลองสาน,1018,เขตคลองสาน
คลองโรงภาษี (โรงปูน),คลองสาน,1018,เขตคลองสาน
คลองโรงยาว,ภาษีเจริญ,1022,เขตภาษีเจริญ
คลองโรงสี (บางกอกใหญ่),บางกอกใหญ่,1016,เขตบางกอกใหญ่
คลองโรงสี (บางแค),บางแค,1040,เขตบางแค
คลองโรงสีเก่า,สวนหลวง,1034,เขตสวนหลวง
คลองโรงหนัง,คลองสาน,1018,เขตคลองสาน
คลองไร่,จอมทอง,1035,เขตจอมทอง
คลองล็อค 4 (เชื่อมคลองเจ็ก),มีนบุรี,1010,เขตมีนบุรี
คลองลัดกัลยา,ตลิ่งชัน,1019,เขตตลิ่งชัน
คลองลัดขี้เหล็ก,จอมทอง,1035,เขตจอมทอง
คลองลัดครูเสงี่ยม,บางแค,1040,เขตบางแค
คลองลัดคลองขวาง,จอมทอง,1035,เขตจอมทอง
คลองลัดคลองตาแป้น,ภาษีเจริญ,1022,เขตภาษีเจริญ
คลองลัดคลองบางแวก,ภาษีเจริญ,1022,เขตภาษีเจริญ
คลองลัดคลองสวนอ้อย,ภาษีเจริญ,1022,เขตภาษีเจริญ
คลองลัดเช็ดหน้า,จอมทอง,1035,เขตจอมทอง
คลองลัดตากลั่น,บางแค,1040,เขตบางแค
คลองลัดตาเตี้ย,คลองสามวา,1046,เขตคลองสามวา
คลองลัดตานิล,ตลิ่งชัน,1019,เขตตลิ่งชัน
คลองลัดตาแย้ม,หนองจอก,1003,เขตหนองจอก
คลองลัดตาเหนียว,ตลิ่งชัน,1019,เขตตลิ่งชัน
คลองลัดถมยา,ตลิ่งชัน,1019,เขตตลิ่งชัน
คลองลัดทับยาว,ลาดกระบัง,1011,เขตลาดกระบัง
คลองลัดนิ่มไสว,ทวีวัฒนา,1048,เขตทวีวัฒนา
คลองลัดบางปะแก้ว-บางปะกอก ,ราษฎร์บูรณะ,1024,เขตราษฏร์บูรณะ
คลองลัดบางระแนะ,ภาษีเจริญ,1022,เขตภาษีเจริญ
คลองลัดบางลิ่ม,ตลิ่งชัน,1019,เขตตลิ่งชัน
คลองลัดผู้ใหญ่ปลอด,บางขุนเทียน,1021,เขตบางขุนเทียน
คลองลัดมะยม,ตลิ่งชัน,1019,เขตตลิ่งชัน
คลองลัดม้า,ภาษีเจริญ,1022,เขตภาษีเจริญ
คลองลัดยายกุล,บางขุนเทียน,1021,เขตบางขุนเทียน
คลองลัดแยกคลองสามกรุงศรี,ภาษีเจริญ,1022,เขตภาษีเจริญ
คลองลัดวัดไชยฉิมพลี,ภาษีเจริญ,1022,เขตภาษีเจริญ
คลองลัดวัดสะพาน,ตลิ่งชัน,1019,เขตตลิ่งชัน
คลองลัดสะแก,จอมทอง,1035,เขตจอมทอง
คลองลาดกะดาน 1,คลองสามวา,1046,เขตคลองสามวา
คลองลาดโตนด,หลักสี่,1041,เขตหลักสี่
คลองลาดบัวขาว,สะพานสูง,1044,เขตสะพานสูง
คลองลาดพร้าว,ห้วยขวาง,1017,เขตห้วยขวาง
คลองลาดยาว,จตุจักร,1030,เขตจตุจักร
คลองลาดลำภู,บางบอน,1050,เขตบางบอน
คลองลาดลำภู (บางขุนเทียน),บางขุนเทียน,1021,เขตบางขุนเทียน
คลองลาว,สวนหลวง,1034,เขตสวนหลวง
คลองลำกอไผ่(ลาดกระบัง),ลาดกระบัง,1011,เขตลาดกระบัง
คลองลำกอไผ่(หนองจอก),หนองจอก,1003,เขตหนองจอก
คลองลำกะดาน,คลองสามวา,1046,เขตคลองสามวา
คลองลำกะโหลก,คลองสามวา,1046,เขตคลองสามวา
คลองลำเกร็ด,คันนายาว,1043,เขตคันนายาว
คลองลำเกวียนหัก,หนองจอก,1003,เขตหนองจอก
คลองลำเกาะเลา,หนองจอก,1003,เขตหนองจอก
คลองลำแขก,หนองจอก,1003,เขตหนองจอก
คลองลำโขล่,หนองจอก,1003,เขตหนองจอก
คลองลำควายชน,หนองจอก,1003,เขตหนองจอก
คลองลำควายตาย,คลองสามวา,1046,เขตคลองสามวา
คลองลำจรเข้ตาย,หนองจอก,1003,เขตหนองจอก
คลองลำเจดีย์,หนองจอก,1003,เขตหนองจอก
คลองลำเจดีย์เล็ก,หนองจอก,1003,เขตหนองจอก
คลองลำเจียก,บึงกุ่ม,1027,เขตบึงกุ่ม
คลองลำเจียรดับ,หนองจอก,1003,เขตหนองจอก
คลองลำชวด,หนองจอก,1003,เขตหนองจอก
คลองลำชวดเตย,ลาดกระบัง,1011,เขตลาดกระบัง
คลองลำชะล่า,คันนายาว,1043,เขตคันนายาว
คลองลำชะล่า(ลาดกระบัง),ลาดกระบัง,1011,เขตลาดกระบัง
คลองลำชะล่า(หนองจอก),หนองจอก,1003,เขตหนองจอก
คลองลำด้วน,หนองจอก,1003,เขตหนองจอก
คลองลำต้น,สายไหม,1042,เขตสายไหม
คลองลำต้นกล้วย,หนองจอก,1003,เขตหนองจอก
คลองลำต้นไทร,มีนบุรี,1010,เขตมีนบุรี
คลองลำต้อยติ่ง,หนองจอก,1003,เขตหนองจอก
คลองลำตาจีน,หนองจอก,1003,เขตหนองจอก
คลองลำตาต่าย,หนองจอก,1003,เขตหนองจอก
คลองลำตานวย,มีนบุรี,1010,เขตมีนบุรี
คลองลำตาพ่วง,หนองจอก,1003,เขตหนองจอก
คลองลำตาแพ่ง,ลาดกระบัง,1011,เขตลาดกระบัง
คลองลำตาเฟื่อง,หนองจอก,1003,เขตหนองจอก
คลองลำตามีร้องไห้,หนองจอก,1003,เขตหนองจอก
คลองลำตาอิน,ลาดกระบัง,1011,เขตลาดกระบัง
คลองลำตาอู,ลาดกระบัง,1011,เขตลาดกระบัง
คลองลำตุ๊กตา,มีนบุรี,1010,เขตมีนบุรี
คลองลำแตงโม,ลาดกระบัง,1011,เขตลาดกระบัง
คลองลำไทร,หนองจอก,1003,เขตหนองจอก
คลองลำนกแขวก(มีนบุรี),มีนบุรี,1010,เขตมีนบุรี
คลองลำนกแขวก(หนองจอก),หนองจอก,1003,เขตหนองจอก
คลองลำนายโส,ลาดกระบัง,1011,เขตลาดกระบัง
คลองลำนุ่น,คันนายาว,1043,เขตคันนายาว
คลองลำบ่อยาว,หนองจอก,1003,เขตหนองจอก
คลองลำบึงขวาง(มีนบุรี) ,มีนบุรี,1010,เขตมีนบุรี
คลองลำบึงขวาง(หนองจอก),หนองจอก,1003,เขตหนองจอก
คลองลำบึงทองหลาง,มีนบุรี,1010,เขตมีนบุรี
คลองลำบึงบัว,ลาดกระบัง,1011,เขตลาดกระบัง
คลองลำบึงบ้านม้า,สะพานสูง,1044,เขตสะพานสูง
คลองลำบึงใหญ่,มีนบุรี,1010,เขตมีนบุรี
คลองลำบุรี,บางเขน,1005,เขตบางเขน
คลองลำบุหรี่พวง,หนองจอก,1003,เขตหนองจอก
คลองลำแบน,คลองสามวา,1046,เขตคลองสามวา
คลองลำแบนใหญ่,หนองจอก,1003,เขตหนองจอก
คลองลำปลาเน่า,หนองจอก,1003,เขตหนองจอก
คลองลำปลาแย,หนองจอก,1003,เขตหนองจอก
คลองลำปัก,ดุสิต,1002,เขตดุสิต
คลองลำผักชี,บางเขน,1005,เขตบางเขน
คลองลำผักชีเก่า,หนองจอก,1003,เขตหนองจอก
คลองลำไผ่,บางเขน,1005,เขตบางเขน
คลองลำไผ่ผี,มีนบุรี,1010,เขตมีนบุรี
คลองลำฝอยทอง,หนองจอก,1003,เขตหนองจอก
คลองลำพะอง,ลาดกระบัง,1011,เขตลาดกระบัง
คลองลำพังพวย,บางกะปิ,1006,เขตบางกะปิ
คลองลำพังพวย(มีนบุรี),มีนบุรี,1010,เขตมีนบุรี
คลองลำพุทธา,ลาดกระบัง,1011,เขตลาดกระบัง
คลองลำมดตะนอย,หนองจอก,1003,เขตหนองจอก
คลองลำมะขาม,ลาดกระบัง,1011,เขตลาดกระบัง
คลองลำมะละกอ,ลาดกระบัง,1011,เขตลาดกระบัง
คลองลำมะละกอฝั่งใต้,ลาดกระบัง,1011,เขตลาดกระบัง
คลองลำมะละกอฝั่งเหนือ,ลาดกระบัง,1011,เขตลาดกระบัง
คลองลำรางเกาะเล็ก,หนองจอก,1003,เขตหนองจอก
คลองลำรางชวดด้วน,ลาดกระบัง,1011,เขตลาดกระบัง
คลองลำรางตาแก่,ลาดกระบัง,1011,เขตลาดกระบัง
คลองลำรางตาคี,ลาดกระบัง,1011,เขตลาดกระบัง
คลองลำรางตาติ่ง,ลาดกระบัง,1011,เขตลาดกระบัง
คลองลำรางตาเสือ,ลาดกระบัง,1011,เขตลาดกระบัง
คลองลำรางบึงบัว,ลาดกระบัง,1011,เขตลาดกระบัง
คลองลำรางลัดคูเวียง,ลาดกระบัง,1011,เขตลาดกระบัง
คลองลำรางศาลเจ้าพ่อต่วน,ลาดกระบัง,1011,เขตลาดกระบัง
คลองลำรางหลุมบัว,ลาดกระบัง,1011,เขตลาดกระบัง
คลองลำรางเอื้อเฟื้อ,บางขุนเทียน,1021,เขตบางขุนเทียน
คลองลำวังคา,หนองจอก,1003,เขตหนองจอก
คลองลำสลิดทองบน,หนองจอก,1003,เขตหนองจอก
คลองลำสลิดทองล่าง,หนองจอก,1003,เขตหนองจอก
คลองลำสาลี,บางกะปิ,1006,เขตบางกะปิ
คลองลำหลุมบัว,ลาดกระบัง,1011,เขตลาดกระบัง
คลองลำหิน,มีนบุรี,1010,เขตมีนบุรี
คลองลำหินฝั่งใต้,หนองจอก,1003,เขตหนองจอก
คลองลำหินฝั่งเหนือ,หนองจอก,1003,เขตหนองจอก
คลองลำอ้อตัน,ลาดกระบัง,1011,เขตลาดกระบัง
คลองลำอ้ายแบน,ลาดกระบัง,1011,เขตลาดกระบัง
คลองลำอีรั้ว,หนองจอก,1003,เขตหนองจอก
คลองลิง,บางขุนเทียน,1021,เขตบางขุนเทียน
คลองลุงหน่าง,บางบอน,1050,เขตบางบอน
คลองลูกวัว,บางขุนเทียน,1021,เขตบางขุนเทียน
คลองลูกวัวเก่า,บางขุนเทียน,1021,เขตบางขุนเทียน
คลองเลนเปน,บางขุนเทียน,1021,เขตบางขุนเทียน
คลองเล้าหมู,บางแค,1040,เขตบางแค
คลองเลียบซอยเพชรเกษม 48 ,ภาษีเจริญ,1022,เขตภาษีเจริญ
คลองวังเดิม,บางกอกใหญ่,1016,เขตบางกอกใหญ่
คลองวังใหญ่บน,สะพานสูง,1044,เขตสะพานสูง
คลองวังใหญ่ล่าง,สะพานสูง,1044,เขตสะพานสูง
คลองวัดกก,บางขุนเทียน,1021,เขตบางขุนเทียน
คลองวัดกระจัง,ตลิ่งชัน,1019,เขตตลิ่งชัน
คลองวัดกระทุ่มเสือปลา,ประเวศ,1032,เขตประเวศ
คลองวัดกลาง,บางกะปิ,1006,เขตบางกะปิ
คลองวัดกลาง,ราษฎร์บูรณะ,1024,เขตราษฏร์บูรณะ
คลองวัดกัลยาณ์,ธนบุรี,1015,เขตธนบุรี
คลองวัดเกียรติประดิษฐ์,ราษฎร์บูรณะ,1024,เขตราษฏร์บูรณะ
คลองวัดแก้ว,ตลิ่งชัน,1019,เขตตลิ่งชัน
คลองวัดไก่เตี้ย,ตลิ่งชัน,1019,เขตตลิ่งชัน
คลองวัดขุนจันทร์,ธนบุรี,1015,เขตธนบุรี
คลองวัดครุฑ,บางกอกน้อย,1020,เขตบางกอกน้อย
คลองวัดคฤหบดี ฝั่งใต้,บางพลัด,1025,เขตบางพลัด
คลองวัดคฤหบดี ฝั่งเหนือ,บางพลัด,1025,เขตบางพลัด
คลองวัดโคนอน,จอมทอง,1035,เขตจอมทอง
คลองวัดจันทร์ใน,บางคอแหลม,1031,เขตบางคอแหลม
คลองวัดเจ้ามูล ,บางกอกใหญ่,1016,เขตบางกอกใหญ่
คลองวัดเจ้าอาม,บางกอกน้อย,1020,เขตบางกอกน้อย
คลองวัดฉิมทายิกาวาส,บางกอกน้อย,1020,เขตบางกอกน้อย
คลองวัดช่องนนทรี,ยานนาวา,1012,เขตยานนาวา
คลองวัดเชิงเลน,บางกอกน้อย,1020,เขตบางกอกน้อย
คลองวัดไชยทิศ,บางกอกน้อย,1020,เขตบางกอกน้อย
คลองวัดญวนสะพานขาว,ดุสิต,1002,เขตดุสิต
คลองวัดดงมูลเหล็ก,บางกอกน้อย,1020,เขตบางกอกน้อย
คลองวัดดอกไม้,ยานนาวา,1012,เขตยานนาวา
คลองวัดด่าน,ยานนาวา,1012,เขตยานนาวา
คลองวัดด่านเหนือ,ยานนาวา,1012,เขตยานนาวา
คลองวัดดาวดึงษ์ษาราม,บางพลัด,1025,เขตบางพลัด
คลองวัดดีดวด,บางกอกใหญ่,1016,เขตบางกอกใหญ่
คลองวัดดุสิตาราม,บางกอกน้อย,1020,เขตบางกอกน้อย
คลองวัดตรีทศเทพ,พระนคร,1001,เขตพระนคร
คลองวัดตลิ่งชัน,ตลิ่งชัน,1019,เขตตลิ่งชัน
คลองวัดตะกล่ำ,ประเวศ,1032,เขตประเวศ
คลองวัดตึก,วังทองหลาง,1045,เขตวังทองหลาง
คลองวัดโตนด,ภาษีเจริญ,1022,เขตภาษีเจริญ
คลองวัดทอง,บางซื่อ,1029,เขตบางซื่อ
คลองวัดทองธรรมชาติ,คลองสาน,1018,เขตคลองสาน
คลองวัดทองนพคุณ,คลองสาน,1018,เขตคลองสาน
คลองวัดทองบน,ยานนาวา,1012,เขตยานนาวา
คลองวัดทองบางจาก,บางพลัด,1025,เขตบางพลัด
คลองวัดทองเพลง,คลองสาน,1018,เขตคลองสาน
คลองวัดท่าข้าม,บางขุนเทียน,1021,เขตบางขุนเทียน
คลองวัดท่าพระ,บางกอกใหญ่,1016,เขตบางกอกใหญ่
คลองวัดเทพศิรินทร์,ป้อมปราบศัตรูพ่าย,1008,เขตป้อมปราบศัตรูพ่าย
คลองวัดไทร,บางคอแหลม,1031,เขตบางคอแหลม
คลองวัดน้อย,ธนบุรี,1015,เขตธนบุรี
คลองวัดน้อยเก่า,คลองสาน,1018,เขตคลองสาน
คลองวัดน้อยนางหงษ์,บางพลัด,1025,เขตบางพลัด
คลองวัดน้อยใหม่,คลองสาน,1018,เขตคลองสาน
คลองวัดนาคนิมิตร,จอมทอง,1035,เขตจอมทอง
คลองวัดนาคปรก,ภาษีเจริญ,1022,เขตภาษีเจริญ
คลองวัดบวรมงคล ฝั่งใต้,บางพลัด,1025,เขตบางพลัด
คลองวัดบวรมงคล ฝั่งเหนือ,บางพลัด,1025,เขตบางพลัด
คลองวัดบึงทองหลาง,บางกะปิ,1006,เขตบางกะปิ
คลองวัดเบญจมบพิตร,ดุสิต,1002,เขตดุสิต
คลองวัดปฐมบุตรอิศราราม,บางกอกน้อย,1020,เขตบางกอกน้อย
คลองวัดประดู่(บางกอกใหญ่),บางกอกใหญ่,1016,เขตบางกอกใหญ่
คลองวัดประดู่(ภาษีเจริญ),ภาษีเจริญ,1022,เขตภาษีเจริญ
คลองวัดประยูร,ธนบุรี,1015,เขตธนบุรี
คลองวัดปรินายก,พระนคร,1001,เขตพระนคร
คลองวัดปริวาส,ยานนาวา,1012,เขตยานนาวา
คลองวัดไผ่เงิน,บางคอแหลม,1031,เขตบางคอแหลม
คลองวัดพิกุล,บางกอกน้อย,1020,เขตบางกอกน้อย
คลองวัดเพลง,บางพลัด,1025,เขตบางพลัด
คลองวัดเพลง(ตลิ่งชัน),ตลิ่งชัน,1019,เขตตลิ่งชัน
คลองวัดเพลง(ภาษีเจริญ),ภาษีเจริญ,1022,เขตภาษีเจริญ
คลองวัดเพลงวิปัสสนา,บางกอกน้อย,1020,เขตบางกอกน้อย
คลองวัดภาวนา,บางกอกน้อย,1020,เขตบางกอกน้อย
คลองวัดมะลิ,บางกอกน้อย,1020,เขตบางกอกน้อย
คลองวัดยางสุทธาราม,บางกอกน้อย,1020,เขตบางกอกน้อย
คลองวัดยานนาวา,สาทร,1028,เขตสาทร
คลองวัดยายร่ม,จอมทอง,1035,เขตจอมทอง
คลองวัดรวก,บางพลัด,1025,เขตบางพลัด
คลองวัดรวกสุทธาราม,บางกอกน้อย,1020,เขตบางกอกน้อย
คลองวัดระฆัง,บางกอกน้อย,1020,เขตบางกอกน้อย
คลองวัดร้าง,บางขุนเทียน,1021,เขตบางขุนเทียน
คลองวัดราชวรินทร์ (พุ่มหิรัญ2),ธนบุรี,1015,เขตธนบุรี
คลองวัดราชสิทธาราม,บางกอกใหญ่,1016,เขตบางกอกใหญ่
คลองวัดราชาธิวาส,ดุสิต,1002,เขตดุสิต
คลองวัดลาดปลาเค้า,ลาดพร้าว,1038,เขตลาดพร้าว
คลองวัดเลียบ,บางซื่อ,1029,เขตบางซื่อ
คลองวัดศรีบุญเรือง,บางกะปิ,1006,เขตบางกะปิ
คลองวัดศาลาครืน,จอมทอง,1035,เขตจอมทอง
คลองวัดสังข์กระจาย ,บางกอกใหญ่,1016,เขตบางกอกใหญ่
คลองวัดสังเวช,พระนคร,1001,เขตพระนคร
คลองวัดสำเภา,จอมทอง,1035,เขตจอมทอง
คลองวัดสิงห์,ภาษีเจริญ,1022,เขตภาษีเจริญ
คลองวัดสิตาราม,ป้อมปราบศัตรูพ่าย,1008,เขตป้อมปราบศัตรูพ่าย
คลองวัดสีสุก,จอมทอง,1035,เขตจอมทอง
คลองวัดสุนทรธรรมทาน,ป้อมปราบศัตรูพ่าย,1008,เขตป้อมปราบศัตรูพ่าย
คลองวัดสุวรรณ  ,คลองสาน,1018,เขตคลองสาน
คลองวัดเสาหิน,บางซื่อ,1029,เขตบางซื่อ
คลองวัดหงส์รัตนาราม,บางกอกใหญ่,1016,เขตบางกอกใหญ่
คลองวัดหลวง,บางซื่อ,1029,เขตบางซื่อ
คลองวัดหลักสี่,หลักสี่,1041,เขตหลักสี่
คลองวัดใหม่ยายนุ้ย(จอมทอง),จอมทอง,1035,เขตจอมทอง
คลองวัดใหม่ยายนุ้ย(ธนบุรี),ธนบุรี,1015,เขตธนบุรี
คลองวัดอรุณ,บางกอกใหญ่,1016,เขตบางกอกใหญ่
คลองวัดอังกุรา,ตลิ่งชัน,1019,เขตตลิ่งชัน
คลองวัดอัปสรสวรรค์,ภาษีเจริญ,1022,เขตภาษีเจริญ
คลองวัดอ่างแก้ว,ภาษีเจริญ,1022,เขตภาษีเจริญ
คลองวัดอินทาราม,ธนบุรี,1015,เขตธนบุรี
คลองศรีกุมาร,บางขุนเทียน,1021,เขตบางขุนเทียน
คลองศรีภูมิ,ธนบุรี,1015,เขตธนบุรี
คลองศรีศุภผล,ทวีวัฒนา,1048,เขตทวีวัฒนา
คลองศรีสำราญ,หนองแขม,1023,เขตหนองแขม
คลองศรีสุราษฎร์,ราษฎร์บูรณะ,1024,เขตราษฏร์บูรณะ
คลองศาลเจ้า,ตลิ่งชัน,1019,เขตตลิ่งชัน
คลองศาลเจ้า,บางขุนเทียน,1021,เขตบางขุนเทียน
คลองศาลเจ้า,สวนหลวง,1034,เขตสวนหลวง
คลองศาลเจ้า(ตลิ่งชัน),ตลิ่งชัน,1019,เขตตลิ่งชัน
คลองศาลเจ้า(บางกอกใหญ่),บางกอกใหญ่,1016,เขตบางกอกใหญ่
คลองศาลเจ้า(ภาษีเจริญ),ภาษีเจริญ,1022,เขตภาษีเจริญ
คลองศาลเจ้าต้นโพธิ์,ธนบุรี,1015,เขตธนบุรี
คลองศาลเจ้าแม่ทับทิม (บางขุนเทียน),บางขุนเทียน,1021,เขตบางขุนเทียน
คลองศาลเจ้าแม่ทับทิม(จอมทอง),จอมทอง,1035,เขตจอมทอง
คลองศาลเตี้ย,บางขุนเทียน,1021,เขตบางขุนเทียน
คลองศาลาแดง,หนองจอก,1003,เขตหนองจอก
คลองศาลาลอย,วัฒนา,1039,เขตวัฒนา
คลองศาลาลอยบน,ประเวศ,1032,เขตประเวศ
คลองศาลาลอยล่าง,ประเวศ,1032,เขตประเวศ
คลองศิริจันทร์,ธนบุรี,1015,เขตธนบุรี
คลองศิรินธร,หนองแขม,1023,เขตหนองแขม
คลองสนามกลางลำ,หนองจอก,1003,เขตหนองจอก
คลองสนามชัย,จอมทอง,1035,เขตจอมทอง
คลองสมเด็จเจ้าพระยา,คลองสาน,1018,เขตคลองสาน
คลองส้มป่อย,ราชเทวี,1037,เขตราชเทวี
คลองส้มป่อยบน,ดุสิต,1002,เขตดุสิต
คลองส้มป่อยพระราม  6,บางซื่อ,1029,เขตบางซื่อ
คลองสมานเชื้อบำรุง,บางขุนเทียน,1021,เขตบางขุนเทียน
คลองสรศักดิ์,บางบอน,1050,เขตบางบอน
คลองสลุด,ประเวศ,1032,เขตประเวศ
คลองสวน,บางคอแหลม,1031,เขตบางคอแหลม
คลองสวน(ภาษีเจริญ),ภาษีเจริญ,1022,เขตภาษีเจริญ
คลองสวน(ยานนาวา),ยานนาวา,1012,เขตยานนาวา
คลองสวนข่อย,ภาษีเจริญ,1022,เขตภาษีเจริญ
คลองสวนแดน ,บางพลัด,1025,เขตบางพลัด
คลองสวนแดน 1,ตลิ่งชัน,1019,เขตตลิ่งชัน
คลองสวนแดน 2  (ซอยจรัญฯ94/1),บางพลัด,1025,เขตบางพลัด
คลองสวนพริก,บางพลัด,1025,เขตบางพลัด
คลองสวนเลียบ(จอมทอง),จอมทอง,1035,เขตจอมทอง
คลองสวนเลียบ(ภาษีเจริญ),ภาษีเจริญ,1022,เขตภาษีเจริญ
คลองสวนสี่สิบ,จอมทอง,1035,เขตจอมทอง
คลองสวนหยอม,บางกอกน้อย,1020,เขตบางกอกน้อย
คลองสวนหลวง,ปทุมวัน,1007,เขตปทุมวัน
คลองสวนหลวง,สวนหลวง,1034,เขตสวนหลวง
คลองสวนหลวง(จอมทอง),จอมทอง,1035,เขตจอมทอง
คลองสวนหลวง(บางคอแหลม),บางคอแหลม,1031,เขตบางคอแหลม
คลองสวนหลวงใต้,ภาษีเจริญ,1022,เขตภาษีเจริญ
คลองสวนหลวงเหนือ,ภาษีเจริญ,1022,เขตภาษีเจริญ
คลองสวนเหลี่ยม,จอมทอง,1035,เขตจอมทอง
คลองสวนอ้อย,สวนหลวง,1034,เขตสวนหลวง
คลองสวนอ้อย (ภาษีเจริญ),ภาษีเจริญ,1022,เขตภาษีเจริญ
คลองสวนอ้อย(พระโขนง),พระโขนง,1009,เขตพระโขนง
คลองสวนอ้อย(ราชเทวี),ราชเทวี,1037,เขตราชเทวี
คลองสหกรณ์,บางขุนเทียน,1021,เขตบางขุนเทียน
คลองสอง,หลักสี่,1041,เขตหลักสี่
คลองสอง(บางขุนเทียน),บางขุนเทียน,1021,เขตบางขุนเทียน
คลองสอง(ภาษีเจริญ),ภาษีเจริญ,1022,เขตภาษีเจริญ
คลองสอง(หนองจอก),หนองจอก,1003,เขตหนองจอก
คลองสองต้นนุ่น,มีนบุรี,1010,เขตมีนบุรี
คลองสองตอน,ลาดพร้าว,1038,เขตลาดพร้าว
คลองสองตะวันตก,คลองสามวา,1046,เขตคลองสามวา
คลองสองตะวันออก,คลองสามวา,1046,เขตคลองสามวา
คลองสองห้อง,ประเวศ,1032,เขตประเวศ
คลองสะแก,สวนหลวง,1034,เขตสวนหลวง
คลองสะแกงาม,บางขุนเทียน,1021,เขตบางขุนเทียน
คลองสะแกหัก,บางบอน,1050,เขตบางบอน
คลองสะพานควาย,ทุ่งครุ,1049,เขตทุ่งครุ
คลองสะพานยาว (คลองสวน),บางพลัด,1025,เขตบางพลัด
คลองสะพานสูง,บางกะปิ,1006,เขตบางกะปิ
คลองสะพานสูง,สะพานสูง,1044,เขตสะพานสูง
คลองสะพานเสา,ทุ่งครุ,1049,เขตทุ่งครุ
คลองสะพานเหลือง,ธนบุรี,1015,เขตธนบุรี
คลองสาเก,บางบอน,1050,เขตบางบอน
คลองสาทร,สาทร,1028,เขตสาทร
คลองสาธารณะข้างหมู่บ้านเทพนคร,บางแค,1040,เขตบางแค
คลองสาน,คลองสาน,1018,เขตคลองสาน
คลองสาน(ยานนาวา),ยานนาวา,1012,เขตยานนาวา
คลองสาม(บางขุนเทียน),บางขุนเทียน,1021,เขตบางขุนเทียน
คลองสามกรุงศรี,ภาษีเจริญ,1022,เขตภาษีเจริญ
คลองสามขา,บางเขน,1005,เขตบางเขน
คลองสามง่าม (บางขุนเทียน),บางขุนเทียน,1021,เขตบางขุนเทียน
คลองสามง่าม (สายไหม),สายไหม,1042,เขตสายไหม
คลองสามง่าม (หนองจอก),หนองจอก,1003,เขตหนองจอก
คลองสามตะวันตก,คลองสามวา,1046,เขตคลองสามวา
คลองสามตะวันออก,คลองสามวา,1046,เขตคลองสามวา
คลองสามประเวศ,มีนบุรี,1010,เขตมีนบุรี
คลองสามวา,มีนบุรี,1010,เขตมีนบุรี
คลองสามเสน,ดินแดง,1026,เขตดินแดง
คลองสามเสน,ดุสิต,1002,เขตดุสิต
คลองสามอิน,วัฒนา,1039,เขตวัฒนา
คลองสามัคคี,ทุ่งครุ,1049,เขตทุ่งครุ
คลองสารภี,ราษฎร์บูรณะ,1024,เขตราษฏร์บูรณะ
คลองสาหร่าย,ประเวศ,1032,เขตประเวศ
คลองสำเหร่,ธนบุรี,1015,เขตธนบุรี
คลองสิงห์โต,ประเวศ,1032,เขตประเวศ
คลองสี่,บางขุนเทียน,1021,เขตบางขุนเทียน
คลองสีชมพู,หนองจอก,1003,เขตหนองจอก
คลองสี่ตะวันตก,คลองสามวา,1046,เขตคลองสามวา
คลองสี่ตะวันออก,คลองสามวา,1046,เขตคลองสามวา
คลองสี่ประเวศ,มีนบุรี,1010,เขตมีนบุรี
คลองสี่วา,หนองแขม,1023,เขตหนองแขม
คลองสุทธาวาส,ธนบุรี,1015,เขตธนบุรี
คลองสุเหร่าสวนพลู,ธนบุรี,1015,เขตธนบุรี
คลองสุเหร่าใหม่ (คลองกลาง),สวนหลวง,1034,เขตสวนหลวง
คลองเสาธง,บางขุนเทียน,1021,เขตบางขุนเทียน
คลองเสาวโคน,บางขุนเทียน,1021,เขตบางขุนเทียน
คลองเสาหิน,ยานนาวา,1012,เขตยานนาวา
คลองเสาหิน(บางกอกใหญ่),บางกอกใหญ่,1016,เขตบางกอกใหญ่
คลองเสือน้อย,ลาดพร้าว,1038,เขตลาดพร้าว
คลองแสงศิริ,หนองแขม,1023,เขตหนองแขม
คลองแสนแสบ,ปทุมวัน,1007,เขตปทุมวัน
คลองแสมดำใต้,บางขุนเทียน,1021,เขตบางขุนเทียน
คลองแสมดำเหนือ,บางขุนเทียน,1021,เขตบางขุนเทียน
คลองหกขุด,บางเขน,1005,เขตบางเขน
คลองหกขุด (จรเข้บัว),คันนายาว,1043,เขตคันนายาว
คลองหกโรง,หนองจอก,1003,เขตหนองจอก
คลองหนองกง,บางเขน,1005,เขตบางเขน
คลองหนองเขิน,สายไหม,1042,เขตสายไหม
คลองหนองแขม,บึงกุ่ม,1027,เขตบึงกุ่ม
คลองหนองควายหาย,สายไหม,1042,เขตสายไหม
คลองหนองคา,ลาดกระบัง,1011,เขตลาดกระบัง
คลองหนองจอก,บางเขน,1005,เขตบางเขน
คลองหนองตะแคง,สายไหม,1042,เขตสายไหม
คลองหนองบอน,ประเวศ,1032,เขตประเวศ
คลองหนองบอน,ลาดพร้าว,1038,เขตลาดพร้าว
คลองหนองบอน,สวนหลวง,1034,เขตสวนหลวง
คลองหนองบัวบาน,บางเขน,1005,เขตบางเขน
คลองหนองบัวมน,บางเขน,1005,เขตบางเขน
คลองหนองปรือ,ลาดกระบัง,1011,เขตลาดกระบัง
คลองหนองปลาหมอ,หนองจอก,1003,เขตหนองจอก
คลองหนองพงไหม้,บางขุนเทียน,1021,เขตบางขุนเทียน
คลองหนองยาว,สายไหม,1042,เขตสายไหม
คลองหนองระแหง,คลองสามวา,1046,เขตคลองสามวา
คลองหนองรี,ทุ่งครุ,1049,เขตทุ่งครุ
คลองหนองใหญ่,บางแค,1040,เขตบางแค
คลองหน้า สน.ลำผักชี,หนองจอก,1003,เขตหนองจอก
คลองหนามแดง,บางบอน,1050,เขตบางบอน
คลองหน้าวัด,บางขุนเทียน,1021,เขตบางขุนเทียน
คลองหน้าวัดเกาะฯ,สายไหม,1042,เขตสายไหม
คลองหน้าวัดหนัง,บางกอกใหญ่,1016,เขตบางกอกใหญ่
คลองหนึ่ง,ลาดกระบัง,1011,เขตลาดกระบัง
คลองหนึ่ง(บางขุนเทียน),บางขุนเทียน,1021,เขตบางขุนเทียน
คลองหนึ่ง(หนองจอก),หนองจอก,1003,เขตหนองจอก
คลองหนึ่งตะวันตก,คลองสามวา,1046,เขตคลองสามวา
คลองหนึ่งตะวันออก,คลองสามวา,1046,เขตคลองสามวา
คลองหมอเชื้อ,ราษฎร์บูรณะ,1024,เขตราษฏร์บูรณะ
คลองหม้อแตก,สายไหม,1042,เขตสายไหม
คลองหมอนสี่สิบ,สายไหม,1042,เขตสายไหม
คลองหมาหลง,สายไหม,1042,เขตสายไหม
คลองหมื่นแช่ม,หนองแขม,1023,เขตหนองแขม
คลองหลวงณรงค์,หนองจอก,1003,เขตหนองจอก
คลองหลวงพ่อบ้านแหลม,บางแค,1040,เขตบางแค
คลองหลวงแพ่ง,หนองจอก,1003,เขตหนองจอก
คลองหลวงวารี,คลองสาน,1018,เขตคลองสาน
คลองหลวงวิจิตร,บึงกุ่ม,1027,เขตบึงกุ่ม
คลองหลอด กม.2,บางนา,1047,เขตบางนา
คลองหลอด กม.3,บางนา,1047,เขตบางนา
คลองหลอดวัดราชนัดดา,พระนคร,1001,เขตพระนคร
คลองหลอดวัดราชบพิธ,พระนคร,1001,เขตพระนคร
คลองหลอแหล,คันนายาว,1043,เขตคันนายาว
คลองหลัง รร.ฤดีศึกษา,ธนบุรี,1015,เขตธนบุรี
คลองหลัง สน.ทุ่งครุ,ทุ่งครุ,1049,เขตทุ่งครุ
คลองหลังค่ายลูกเสือ,ทุ่งครุ,1049,เขตทุ่งครุ
คลองหลังวัดเกาะฯ,สายไหม,1042,เขตสายไหม
คลองหลังวัดบางสะแกใน 1,ธนบุรี,1015,เขตธนบุรี
คลองหลังวัดบางสะแกใน 2,ธนบุรี,1015,เขตธนบุรี
คลองหลังวัดพิชัยญาติ,คลองสาน,1018,เขตคลองสาน
คลองหลังวัดม่วง,บางแค,1040,เขตบางแค
คลองหลังวัดราชสิทธาราม,บางกอกใหญ่,1016,เขตบางกอกใหญ่
คลองหลังหมู่บ้านศุภาลัย 1,บางแค,1040,เขตบางแค
คลองหลังหมู่บ้านศุภาลัย 2,บางแค,1040,เขตบางแค
คลองหลุมไผ่,บางเขน,1005,เขตบางเขน
คลองหลุมไผ่,ลาดพร้าว,1038,เขตลาดพร้าว
คลองห้วยขวาง,ดินแดง,1026,เขตดินแดง
คลองหวังโต,หนองจอก,1003,เขตหนองจอก
คลองหะยีมีนา,หนองจอก,1003,เขตหนองจอก
คลองหัวกระบือ,บางขุนเทียน,1021,เขตบางขุนเทียน
คลองหัวไผ่,ทุ่งครุ,1049,เขตทุ่งครุ
คลองหัวหมาก,บางกะปิ,1006,เขตบางกะปิ
คลองหีบ,ยานนาวา,1012,เขตยานนาวา
คลองใหม่(ทวีวัฒนา),ทวีวัฒนา,1048,เขตทวีวัฒนา
คลองใหม่(ยานนาวา),ยานนาวา,1012,เขตยานนาวา
คลองอภิชาติ,บางกอกใหญ่,1016,เขตบางกอกใหญ่
คลองอรชร,ปทุมวัน,1007,เขตปทุมวัน
คลองอ้อ,บางขุนเทียน,1021,เขตบางขุนเทียน
คลองออเกาะ,สายไหม,1042,เขตสายไหม
คลองออเงิน,สายไหม,1042,เขตสายไหม
คลองออเงินน้อย,สายไหม,1042,เขตสายไหม
คลองออเป้ง,สายไหม,1042,เขตสายไหม
คลองอ้อมจาก,ทุ่งครุ,1049,เขตทุ่งครุ
คลองอาจารย์พร,ประเวศ,1032,เขตประเวศ
คลองอ้ายสลุด,ประเวศ,1032,เขตประเวศ
คลองอินทนินทร์,คลองเตย,1033,เขตคลองเตย
คลองอู่ตะเภา,หนองจอก,1003,เขตหนองจอก
คลองแอนเน็กซ์,สายไหม,1042,เขตสายไหม
คลองโอ่งอ่าง,สวนหลวง,1034,เขตสวนหลวง
คูข้างกรมวิทยาศาสตร์ (เดิม),บางกอกใหญ่,1016,เขตบางกอกใหญ่
คูข้างเขตบางกอกใหญ่ (เดิม),บางกอกใหญ่,1016,เขตบางกอกใหญ่
คูข้างคลองมอญ,บางกอกใหญ่,1016,เขตบางกอกใหญ่
คูข้างโบสถ์แม่พระฟาติมา,ดินแดง,1026,เขตดินแดง
คูข้างโรงพยาบาลรถไฟมักกะสัน, ราชเทวี,1037,เขตราชเทวี
คูข้างวัดเครือวัลย์,บางกอกใหญ่,1016,เขตบางกอกใหญ่
คูข้างวิทยาลัยเกื้อการุณย์,ดุสิต,1002,เขตดุสิต
คูข้างสโมสรทหารอากาศ,ดุสิต,1002,เขตดุสิต
คูข้างสะพานเฉลิมโลก,ปทุมวัน,1007,เขตปทุมวัน
คูข้างสุเหร่าเก่า (คูแยกคลองสวนหลวง 1),บางคอแหลม,1031,เขตบางคอแหลม
คูซอยโปโล,ปทุมวัน,1007,เขตปทุมวัน
คูซอยพิพัฒน์,บางรัก,1004,เขตบางรัก
คูซอยเพชรเกษม 10,บางกอกใหญ่,1016,เขตบางกอกใหญ่
คูซอยเพชรเกษม 14,บางกอกใหญ่,1016,เขตบางกอกใหญ่
คูซอยรองเมือง 1 - 2,ปทุมวัน,1007,เขตปทุมวัน
คูซอยรองเมือง 2 - 3,ปทุมวัน,1007,เขตปทุมวัน
คูซอยสุนทรพิมล,ปทุมวัน,1007,เขตปทุมวัน
คูซอยองค์รักษ์ (วัดน้อย),ดุสิต,1002,เขตดุสิต
คูตรงข้าม ร.ร.ชาติศึกษา,บางกอกใหญ่,1016,เขตบางกอกใหญ่
คูนายกิมสาย 1,ดอนเมือง,1036,เขตดอนเมือง
คูนายกิมสาย 2,ดอนเมือง,1036,เขตดอนเมือง
คูนายกิมสาย 3 (คูข้างถนนสรงประภา),ดอนเมือง,1036,เขตดอนเมือง
คูน้ำข้าง ร.ร.ดำรงค์เรืองวิทย์,ภาษีเจริญ,1022,เขตภาษีเจริญ
คูน้ำข้าง โรงเรียน ศรีอุลัย,บางพลัด,1025,เขตบางพลัด
คูน้ำข้างกองฝึกกรมศุลกากร,บางคอแหลม,1031,เขตบางคอแหลม
คูน้ำข้างคลองบางโคล่ใหญ่,บางคอแหลม,1031,เขตบางคอแหลม
คูน้ำข้างโรงพยาบาล เทพธารินทร์,คลองเตย,1033,เขตคลองเตย
คูน้ำข้างวัดดอน,สาทร,1028,เขตสาทร
คูน้ำข้างวัดประดู่ธรรมาธิปัตย์,บางซื่อ,1029,เขตบางซื่อ
คูน้ำคลองซอยกิ่งจันทร์,บางคอแหลม,1031,เขตบางคอแหลม
คูน้ำคอกม้า,บางซื่อ,1029,เขตบางซื่อ
คูน้ำเชิงหวาย,บางซื่อ,1029,เขตบางซื่อ
คูน้ำซอยจรัญ 69 (เลิศสุข),บางพลัด,1025,เขตบางพลัด
คูน้ำซอยจรัญฯ 63,บางพลัด,1025,เขตบางพลัด
คูน้ำซอยจรัญฯ 70/3,บางพลัด,1025,เขตบางพลัด
คูน้ำซอยจรัญฯ78,บางพลัด,1025,เขตบางพลัด
คูน้ำซอยจรัญฯ89,บางพลัด,1025,เขตบางพลัด
คูน้ำซอยจันทร์เกษม,บางซื่อ,1029,เขตบางซื่อ
คูน้ำซอยเจริญใจ,วัฒนา,1039,เขตวัฒนา
คูน้ำซอยต้นสน,ปทุมวัน,1007,เขตปทุมวัน
คูน้ำซอยทองหล่อ 5,วัฒนา,1039,เขตวัฒนา
คูน้ำซอยทองหล่อ 9,วัฒนา,1039,เขตวัฒนา
คูน้ำซอยบุญเหลือ,บางซื่อ,1029,เขตบางซื่อ
คูน้ำซอยประชานฤมิตร,บางซื่อ,1029,เขตบางซื่อ
คูน้ำซอยประดู่,บางซื่อ,1029,เขตบางซื่อ
คูน้ำซอยประดู่ (สวนหย่อม),บางคอแหลม,1031,เขตบางคอแหลม
คูน้ำซอยประดู่ 3 (ข้างปั๊มน้ำมัน ปตท.),บางคอแหลม,1031,เขตบางคอแหลม
คูน้ำซอยปานทิพย์ 2,บางซื่อ,1029,เขตบางซื่อ
คูน้ำซอยมหาลาภ,บางซื่อ,1029,เขตบางซื่อ
คูน้ำซอยมัสยิดบางอุทิศ,บางคอแหลม,1031,เขตบางคอแหลม
คูน้ำซอยมาตานุสรณ์,บางคอแหลม,1031,เขตบางคอแหลม
คูน้ำซอยระนอง 1,ดุสิต,1002,เขตดุสิต
คูน้ำซอยลาซาล,บางนา,1047,เขตบางนา
คูน้ำซอยศรีวิชัย (ช่วง1),บางซื่อ,1029,เขตบางซื่อ
คูน้ำซอยศรีวิชัย (ช่วง2),บางซื่อ,1029,เขตบางซื่อ
คูน้ำซอยสมคิด,ปทุมวัน,1007,เขตปทุมวัน
คูน้ำซอยสุขุมวิท 50,คลองเตย,1033,เขตคลองเตย
คูน้ำซอยอารีย์สัมพันธ์ 1,พญาไท,1014,เขตพญาไท
คูน้ำต้นซอยราชวิถี  21 (วัดภคินีนาถ),บางพลัด,1025,เขตบางพลัด
คูน้ำท่าวาสุกรี,ดุสิต,1002,เขตดุสิต
คูน้ำในแบ่งเขตข้างหมู่บ้านเอื้อสุข,สวนหลวง,1034,เขตสวนหลวง
คูน้ำปลาทู,บางซื่อ,1029,เขตบางซื่อ
คูน้ำปลายซอยเจริญกรุง 109,บางคอแหลม,1031,เขตบางคอแหลม
คูน้ำปลายซอยโชติวัฒน์,บางซื่อ,1029,เขตบางซื่อ
คูน้ำพระราม 3 ซอย 8,บางคอแหลม,1031,เขตบางคอแหลม
คูน้ำมไหสวรรย์ (หน้าโรงงานสบู่จุฬา),บางคอแหลม,1031,เขตบางคอแหลม
คูน้ำมะขวิด,บางซื่อ,1029,เขตบางซื่อ
คูน้ำแยกคลองกรวย,บางคอแหลม,1031,เขตบางคอแหลม
คูน้ำแยกคลองขวาง 3 (ชุมชนวัดไผ่เงิน),บางคอแหลม,1031,เขตบางคอแหลม
คูน้ำแยกคลองขวาง 3 (ซอยอยู่ดี),บางคอแหลม,1031,เขตบางคอแหลม
คูน้ำแยกคลองขวาง 3 (ตระกูลโต๋ว),บางคอแหลม,1031,เขตบางคอแหลม
คูน้ำแยกคลองบางคอแหลม ,บางคอแหลม,1031,เขตบางคอแหลม
คูน้ำแยกคลองบางคอแหลม ,บางคอแหลม,1031,เขตบางคอแหลม
คูน้ำแยกคลองบางโคล่น้อย,บางคอแหลม,1031,เขตบางคอแหลม
คูน้ำแยกคลองบางบำหรุ  (ซอยพระปิ่น),บางพลัด,1025,เขตบางพลัด
คูน้ำแยกคลองบางบำหรุ  (แสงเทียนฯ),บางพลัด,1025,เขตบางพลัด
คูน้ำแยกคลองบางบำหรุ  (ออนป้า),บางพลัด,1025,เขตบางพลัด
คูน้ำแยกคลองบางพลัด(ชุมชนคลองมะนาว),บางพลัด,1025,เขตบางพลัด
คูน้ำแยกคลองบางพลู,บางพลัด,1025,เขตบางพลัด
คูน้ำแยกคลองบางยี่ขัน,บางพลัด,1025,เขตบางพลัด
คูน้ำแยกคลองวัดไทร,บางคอแหลม,1031,เขตบางคอแหลม
คูน้ำแยกคลองสวนหลวง 1,บางคอแหลม,1031,เขตบางคอแหลม
คูน้ำแยกคูข้างหมู่บ้านภักดี,บางคอแหลม,1031,เขตบางคอแหลม
คูน้ำวัดดอน (ดอนกุศล),สาทร,1028,เขตสาทร
คูน้ำวัดปรกพม่า,สาทร,1028,เขตสาทร
คูน้ำสวนพลู 1,สาทร,1028,เขตสาทร
คูน้ำสาธารณะในหมู่บ้านมิตรภาพ,สวนหลวง,1034,เขตสวนหลวง
คูน้ำสามเรือน,บางซื่อ,1029,เขตบางซื่อ
คูน้ำสารภี 1,คลองสาน,1018,เขตคลองสาน
คูน้ำหน้าทหารปืนใหญ่,ดุสิต,1002,เขตดุสิต
คูน้ำหน้าหมู่บ้านอโนทัย,บางคอแหลม,1031,เขตบางคอแหลม
คูน้ำหมู่บ้านธนูรักษ์,บางคอแหลม,1031,เขตบางคอแหลม
คูน้ำหมู่บ้านเอื้อสุข (ในที่ดินเอกชน),สวนหลวง,1034,เขตสวนหลวง
คูน้ำหลังโรงเรียนศีลาจารพิพัฒน์,บางซื่อ,1029,เขตบางซื่อ
คูน้ำหลังศาลเจ้ากวนอู,สาทร,1028,เขตสาทร
คูระบายน้ำ กม.26,สายไหม,1042,เขตสายไหม
คูระบายน้ำข้างโรงงาน,บางนา,1047,เขตบางนา
คูระบายน้ำคลองชวด,จตุจักร,1030,เขตจตุจักร
คูระบายน้ำซอยเจริญพานิช,จตุจักร,1030,เขตจตุจักร
คูระบายน้ำซอยลาดพร้าว 15,จตุจักร,1030,เขตจตุจักร
คูระบายน้ำซอยลาดพร้าว 28,จตุจักร,1030,เขตจตุจักร
คูระบายน้ำซอยลาดพร้าว 31,จตุจักร,1030,เขตจตุจักร
คูระบายน้ำซอยลาดพร้าว 6,จตุจักร,1030,เขตจตุจักร
คูระบายน้ำซอยเสนานิคม 1,จตุจักร,1030,เขตจตุจักร
คูระบายน้ำซอยเสนานิคม 2,จตุจักร,1030,เขตจตุจักร
คูระบายน้ำที่ดินจัดสรรกรมการปกครอง,จตุจักร,1030,เขตจตุจักร
คูระบายน้ำปลายซอยสุขุมวิท 68,บางนา,1047,เขตบางนา
คูระบายน้ำหลังโรงเรียนศรีเอี่ยมอนุสรณ์,บางนา,1047,เขตบางนา
คูหลังกรมสื่อสารทหารบก,ดุสิต,1002,เขตดุสิต
คูหลังเขตบางรัก,บางรัก,1004,เขตบางรัก
คูหลังบริษัทโกดัก(คูซอยสุขสันต์),บางรัก,1004,เขตบางรัก
คูหลังสถานฑูตพม่า(เมียนม่าร์),บางรัก,1004,เขตบางรัก
แยกคลองหลอแหล(ม.ธารารมณ์),สะพานสูง,1044,เขตสะพานสูง
แยกลำกระโดงกิ่งจันทร์,สาทร,1028,เขตสาทร
ลำกระโดง,พระโขนง,1009,เขตพระโขนง
ลำกระโดง,ราชเทวี,1037,เขตราชเทวี
ลำกระโดง ซ.48 - บางด้วนเหนือ 1,ภาษีเจริญ,1022,เขตภาษีเจริญ
ลำกระโดง ซ.48 - บางด้วนเหนือ 2,ภาษีเจริญ,1022,เขตภาษีเจริญ
ลำกระโดง ร.ร.วัดโตนด,ภาษีเจริญ,1022,เขตภาษีเจริญ
ลำกระโดงกิ่งจันทร์,สาทร,1028,เขตสาทร
ลำกระโดงเกือกม้าตรงข้ามซอยเพชรเกษม47,บางแค,1040,เขตบางแค
ลำกระโดงเกือกม้าในม.เอเวอร์กรีนซิตี้,บางแค,1040,เขตบางแค
ลำกระโดงขนานซอยกิจพาณิช,บางรัก,1004,เขตบางรัก
ลำกระโดงขนานซอยจินดาถวิล,บางรัก,1004,เขตบางรัก
ลำกระโดงขนานซอยเพชรเกษม 43,บางแค,1040,เขตบางแค
ลำกระโดงขนานซอยสองพระ,บางรัก,1004,เขตบางรัก
ลำกระโดงขนานซอยอินทาปัจ11-4 ,บางแค,1040,เขตบางแค
ลำกระโดงข้าง ซ.เพชรเกษม 37,ภาษีเจริญ,1022,เขตภาษีเจริญ
ลำกระโดงข้าง รร.พาณิชการสยาม,บางพลัด,1025,เขตบางพลัด
ลำกระโดงข้างเดอะมอลล์,บางแค,1040,เขตบางแค
ลำกระโดงข้างที่ดินรถไฟ,คลองสาน,1018,เขตคลองสาน
ลำกระโดงข้างบริษัทประยูรวิศว์,บางแค,1040,เขตบางแค
ลำกระโดงข้างบ้านบางแค 2,บางแค,1040,เขตบางแค
ลำกระโดงข้างปั้ม ป.ต.ท.ถนนเทอดไท,ภาษีเจริญ,1022,เขตภาษีเจริญ
ลำกระโดงข้างร้านอำนวยสุขวัสดุก่อสร้าง,ภาษีเจริญ,1022,เขตภาษีเจริญ
ลำกระโดงข้างโรงเรียนกรพิทักษ์วิทย์,บางแค,1040,เขตบางแค
ลำกระโดงข้างวัดสังข์กระจาย,บางกอกใหญ่,1016,เขตบางกอกใหญ่
ลำกระโดงข้างวัดสุทธิ,สาทร,1028,เขตสาทร
ลำกระโดงข้างหมู่บ้านร่ำรวยนิเวศน์ 2,บางแค,1040,เขตบางแค
ลำกระโดงข้างหมู่บ้านศรีมงคล,บางแค,1040,เขตบางแค
ลำกระโดงข้างหมู่บ้านศุภาลัย,บางแค,1040,เขตบางแค
ลำกระโดงข้างหมู่บ้านสินทวีงามเจริญ,บางขุนเทียน,1021,เขตบางขุนเทียน
ลำกระโดงข้างอู่ต่อเรือมิตรสายชล,บางกอกใหญ่,1016,เขตบางกอกใหญ่
ลำกระโดงข้ามหมู่บ้านวรนุช,บางแค,1040,เขตบางแค
ลำกระโดงข้ามหมู่บ้านเศรษฐีวิลล์,บางแค,1040,เขตบางแค
ลำกระโดงชิดสาย 1,ภาษีเจริญ,1022,เขตภาษีเจริญ
ลำกระโดงชุมชน ร.ร.มิตรผล,คลองสาน,1018,เขตคลองสาน
ลำกระโดงชุมชนเขต 5,ภาษีเจริญ,1022,เขตภาษีเจริญ
ลำกระโดงชุมชนซอยคานเรือ,ภาษีเจริญ,1022,เขตภาษีเจริญ
ลำกระโดงชุมชนนครลุง,บางแค,1040,เขตบางแค
ลำกระโดงชุมชนแม่นยำ 1,ภาษีเจริญ,1022,เขตภาษีเจริญ
ลำกระโดงชุมชนแม่นยำ 2,ภาษีเจริญ,1022,เขตภาษีเจริญ
ลำกระโดงชุมชนแม่นยำ 3,ภาษีเจริญ,1022,เขตภาษีเจริญ
ลำกระโดงชุมชมเขต 3,ภาษีเจริญ,1022,เขตภาษีเจริญ
ลำกระโดงเชิงสะพานข้ามคลองบางแวก ,บางแค,1040,เขตบางแค
ลำกระโดงเชิงสะพานบางไผ่,บางกอกใหญ่,1016,เขตบางกอกใหญ่
ลำกระโดงเชื่อมคลองผาสุขใจกับ,บางแค,1040,เขตบางแค
ลำกระโดงเชื่อมซอยอินทาปัจ 11-4 กับ ,บางแค,1040,เขตบางแค
ลำกระโดงซอย สน.บางเสาธง,ภาษีเจริญ,1022,เขตภาษีเจริญ
ลำกระโดงซอยเจริญนคร  18 ,คลองสาน,1018,เขตคลองสาน
ลำกระโดงซอยชุมชนสองร้อยห้อง,คลองสาน,1018,เขตคลองสาน
ลำกระโดงซอยปราโมทย์ 2,บางรัก,1004,เขตบางรัก
ลำกระโดงซอยพุทธโอสถ,บางรัก,1004,เขตบางรัก
ลำกระโดงซอยเพชรเกษม 28,ภาษีเจริญ,1022,เขตภาษีเจริญ
ลำกระโดงซอยเพชรเกษม 40,ภาษีเจริญ,1022,เขตภาษีเจริญ
ลำกระโดงซอยเพชรเกษม 44,ภาษีเจริญ,1022,เขตภาษีเจริญ
ลำกระโดงซอยเพชรเกษม 52,ภาษีเจริญ,1022,เขตภาษีเจริญ
ลำกระโดงซอยโลงเหล็ก,บางกอกใหญ่,1016,เขตบางกอกใหญ่
ลำกระโดงซอยศักดิ์เจริญ,บางกอกใหญ่,1016,เขตบางกอกใหญ่
ลำกระโดงซอยสมเด็จเจ้าพระยา  17,คลองสาน,1018,เขตคลองสาน
ลำกระโดงซอยอิสรภาพ  3,คลองสาน,1018,เขตคลองสาน
ลำกระโดงตรงข้าม ซ.เพชรเกษม 50,ภาษีเจริญ,1022,เขตภาษีเจริญ
ลำกระโดงตรงข้าม ซ.เพชรเกษม 58,ภาษีเจริญ,1022,เขตภาษีเจริญ
ลำกระโดงตรงข้ามคลองนายอี่,บางแค,1040,เขตบางแค
ลำกระโดงตรงข้ามซอย ร.ร.อยู่วิทยา,บางกอกใหญ่,1016,เขตบางกอกใหญ่
ลำกระโดงตรงข้ามศาลเจ้าใหญ่,บางแค,1040,เขตบางแค
ลำกระโดงตัดซอยแยกหน้าชุมชนแสงเพชร,บางแค,1040,เขตบางแค
ลำกระโดงตัดซอยอินทาปัจ 13 ถึง,บางแค,1040,เขตบางแค
ลำกระโดงตัดซอยอินทาปัจ 13 ,บางแค,1040,เขตบางแค
ลำกระโดงตัดซอยอินทาปัจ 9-11  ช่วงที่ 1,บางแค,1040,เขตบางแค
ลำกระโดงนิศาชล,ภาษีเจริญ,1022,เขตภาษีเจริญ
ลำกระโดงในซอยบุญมี,บางแค,1040,เขตบางแค
ลำกระโดงในซอยเพชรเกษม 62/3,บางแค,1040,เขตบางแค
ลำกระโดงในซอยยิ้มประยูร,ภาษีเจริญ,1022,เขตภาษีเจริญ
ลำกระโดงในซอยอินทาปัจ 9-6-1,บางแค,1040,เขตบางแค
ลำกระโดงในเดอะมอลล์,บางแค,1040,เขตบางแค
ลำกระโดงในหมู่บ้านร่ำรวยนิเวศน์ 2,บางแค,1040,เขตบางแค
ลำกระโดงในหมู่บ้านสินทวีงามเจริญ,บางขุนเทียน,1021,เขตบางขุนเทียน
ลำกระโดงบางจาก 151,ภาษีเจริญ,1022,เขตภาษีเจริญ
ลำกระโดงบางจาก 152,ภาษีเจริญ,1022,เขตภาษีเจริญ
ลำกระโดงบางแวกหมู่ 1,ภาษีเจริญ,1022,เขตภาษีเจริญ
ลำกระโดงปลาย ซ.เพชรเกษม 41,บางแค,1040,เขตบางแค
ลำกระโดงปลาย ซ.อัสสัมชัญ 7,บางแค,1040,เขตบางแค
ลำกระโดงปลายซอยเพชรเกษม 43,บางแค,1040,เขตบางแค
ลำกระโดงปลายซอยเพชรเกษม 47,บางแค,1040,เขตบางแค
ลำกระโดงปลายซอยเพชรเกษม 51,บางแค,1040,เขตบางแค
ลำกระโดงปลายซอยยิ้มประยูร,บางแค,1040,เขตบางแค
ลำกระโดงปลายซอยระหว่าง,บางแค,1040,เขตบางแค
ลำกระโดงปลายซอยสมชาย,บางกอกใหญ่,1016,เขตบางกอกใหญ่
ลำกระโดงปลายซอยสองคุณจ่า,บางแค,1040,เขตบางแค
ลำกระโดงปลายซอยแสงเพชรแยก 30,บางแค,1040,เขตบางแค
ลำกระโดงปลายซอยอินทาปัจ 15,บางแค,1040,เขตบางแค
ลำกระโดงปลายซอยอินทาปัจ 9,บางแค,1040,เขตบางแค
ลำกระโดงปลายในสองคุณจ่า,บางแค,1040,เขตบางแค
ลำกระโดงปากซอยยิ้มประยูร,บางแค,1040,เขตบางแค
ลำกระโดงปากทางเข้าหมูบ้านสุขสำราญ,บางแค,1040,เขตบางแค
ลำกระโดงเพชรเกษม 54 - 58,ภาษีเจริญ,1022,เขตภาษีเจริญ
ลำกระโดงเพชรเกษม 58,ภาษีเจริญ,1022,เขตภาษีเจริญ
ลำกระโดงแยก ค.บางจากล่าง(ซอย 24),บางแค,1040,เขตบางแค
ลำกระโดงแยก ค.บางจากล่าง(ซอย 32),บางแค,1040,เขตบางแค
ลำกระโดงแยก ค.บางจากล่าง(ซอย 38),บางแค,1040,เขตบางแค
ลำกระโดงแยกคลองบางขี้เก้ง,บางแค,1040,เขตบางแค
ลำกระโดงแยกคลองบางไผ่,บางแค,1040,เขตบางแค
ลำกระโดงแยกคลองบางไผ่,บางแค,1040,เขตบางแค
ลำกระโดงแยกคลองบางไผ่,บางแค,1040,เขตบางแค
ลำกระโดงแยกคลองบางแวก,บางแค,1040,เขตบางแค
ลำกระโดงแยกคลองบางแวก,บางแค,1040,เขตบางแค
ลำกระโดงแยกคลองบางแวก,บางแค,1040,เขตบางแค
ลำกระโดงแยกคลองบางแวก,บางแค,1040,เขตบางแค
ลำกระโดงแยกคลองบางอ้อ (ขวา),บางพลัด,1025,เขตบางพลัด
ลำกระโดงแยกคลองบางอ้อ (ซ้าย),บางพลัด,1025,เขตบางพลัด
ลำกระโดงแยกคลองบางอ้าย 1,บางแค,1040,เขตบางแค
ลำกระโดงแยกคลองหลังวัดราชสิทธฯ,บางกอกใหญ่,1016,เขตบางกอกใหญ่
ลำกระโดงแยกคลองอภิชาติ,บางกอกใหญ่,1016,เขตบางกอกใหญ่
ลำกระโดงแยกจาก ลำกระโดงปลาย,บางแค,1040,เขตบางแค
ลำกระโดงแยกจากลำกระโดงปลาย,บางแค,1040,เขตบางแค
ลำกระโดงแยกถนนสิรินธร,บางพลัด,1025,เขตบางพลัด
ลำกระโดงระหว่างซอยเพชรเกษม 43 กับ ,บางแค,1040,เขตบางแค
"ลำกระโดงระหว่างซอยอินทาปัจ 13 ,15",บางแค,1040,เขตบางแค
ลำกระโดงลัดวัดไชยฉิมพลี,ภาษีเจริญ,1022,เขตภาษีเจริญ
ลำกระโดงเลียบซอยวงศาโรจน์,บางแค,1040,เขตบางแค
ลำกระโดงเลียบซอยแสงเพชรแยก 32,บางแค,1040,เขตบางแค
ลำกระโดงเลียบซอยอุดมปรีชา,บางแค,1040,เขตบางแค
ลำกระโดงศุภาลัย,ภาษีเจริญ,1022,เขตภาษีเจริญ
ลำกระโดงสรรพกร ( ข้าง ม.สยาม ),ภาษีเจริญ,1022,เขตภาษีเจริญ
ลำกระโดงสะพานดำ,คลองสาน,1018,เขตคลองสาน
ลำกระโดงสุดเขต,ภาษีเจริญ,1022,เขตภาษีเจริญ
ลำกระโดงหน้า สน.ภาษีเจริญ,ภาษีเจริญ,1022,เขตภาษีเจริญ
ลำกระโดงหน้าหมู่บ้านศุภาลัย,บางแค,1040,เขตบางแค
ลำกระโดงหมู่ 10 บางด้วน,ภาษีเจริญ,1022,เขตภาษีเจริญ
ลำกระโดงหมู่ 8 บางด้วน,ภาษีเจริญ,1022,เขตภาษีเจริญ
ลำกระโดงหลังตึกแถว (ถ.สุขาภิบาล 1),บางแค,1040,เขตบางแค
ลำกระโดงหลังภัตตาคารแวร์ซายส์,บางกอกใหญ่,1016,เขตบางกอกใหญ่
ลำกระโดงหลังโรงงานก๋วยเตี๋ยว,บางแค,1040,เขตบางแค
ลำกระโดงหลังโรงเจ,บางแค,1040,เขตบางแค
ลำกระโดงหลังโรงเรียนวัดบุญยประดิษฐ์,บางแค,1040,เขตบางแค
ลำกระโดงหลังโรงเรียนวัดม่วง,บางแค,1040,เขตบางแค
ลำกระโดงหลังหมู่บ้านชัยมงคล,บางแค,1040,เขตบางแค
ลำกระโดงหลังหมู่บ้านเพชรมณฑล ,บางแค,1040,เขตบางแค
ลำกระโดงหุตายน,สาทร,1028,เขตสาทร
ลำกระโดงอำนวยสุข,บางกอกใหญ่,1016,เขตบางกอกใหญ่
ลำบึงแยกลำไทร,คลองสามวา,1046,เขตคลองสามวา
ลำปลายคลองเกร็ด,คันนายาว,1043,เขตคันนายาว
ลำราง ซ.ลาดพร้าว 112,วังทองหลาง,1045,เขตวังทองหลาง
ลำรางกระเทียม,มีนบุรี,1010,เขตมีนบุรี
ลำรางกลางซอยสมพรเพชรทองคำ,บางขุนเทียน,1021,เขตบางขุนเทียน
ลำรางกีบหมู,มีนบุรี,1010,เขตมีนบุรี
ลำรางเกาะข่า,มีนบุรี,1010,เขตมีนบุรี
ลำรางเกาะขุนเณร,คลองสามวา,1046,เขตคลองสามวา
ลำรางโกดัง กันตารัตน์,ลาดกระบัง,1011,เขตลาดกระบัง
ลำรางใกล้บ้านผู้ใหญ่ชู,สายไหม,1042,เขตสายไหม
ลำรางขวาง,คลองสามวา,1046,เขตคลองสามวา
ลำรางข้าง ร.ร.คันนายาว,คันนายาว,1043,เขตคันนายาว
ลำรางข้างชุมชนนภาพิไล,คันนายาว,1043,เขตคันนายาว
ลำรางข้างชุมสายโทรศัพท์,ดินแดง,1026,เขตดินแดง
ลำรางข้างซอยจักรา,สะพานสูง,1044,เขตสะพานสูง
ลำรางข้างซอยชมชื่น,สวนหลวง,1034,เขตสวนหลวง
ลำรางข้างซอยทินกร,ดินแดง,1026,เขตดินแดง
ลำรางข้างซอยมิตรวิถี,สวนหลวง,1034,เขตสวนหลวง
ลำรางข้างซอยรัฐธรรมนูญ,ลาดกระบัง,1011,เขตลาดกระบัง
ลำรางข้างซอยหมู่บ้านปัญญา,สวนหลวง,1034,เขตสวนหลวง
ลำรางข้างถนนวงแหวน,คันนายาว,1043,เขตคันนายาว
ลำรางข้างถนอมมิตร - ปาร์ค,บางเขน,1005,เขตบางเขน
ลำรางข้างบริษัทไทยเทยิ่น,ดอนเมือง,1036,เขตดอนเมือง
ลำรางข้างไปรษณีย์เจ้าคุณทหาร,ลาดกระบัง,1011,เขตลาดกระบัง
ลำรางข้างโรงงานท่อ ซีซีเอ็ม,บางเขน,1005,เขตบางเขน
ลำรางข้างวัดไตรรัตนนาราม,บางเขน,1005,เขตบางเขน
ลำรางข้างวัดธรรมมงคล (ปุณณวิถี 20),พระโขนง,1009,เขตพระโขนง
ลำรางข้างวัดลานบุญ,ลาดกระบัง,1011,เขตลาดกระบัง
ลำรางข้างศาลเจ้าแปะกง,สวนหลวง,1034,เขตสวนหลวง
ลำรางข้างสวนพระนคร,ลาดกระบัง,1011,เขตลาดกระบัง
ลำรางข้างหมู่บ้านเฉลิมสุขนิเวศน์ 9,บางเขน,1005,เขตบางเขน
ลำรางข้างหมู่บ้านชวนชื่น,บางเขน,1005,เขตบางเขน
ลำรางข้างหมู่บ้านชื่นกมล 4,คันนายาว,1043,เขตคันนายาว
ลำรางข้างหมู่บ้านไปรษณีย์นิเวศน์,บางเขน,1005,เขตบางเขน
ลำรางข้างหมู่บ้านสินธร,บางกะปิ,1006,เขตบางกะปิ
ลำรางข้างหมู่บ้านสุขนที ซ.ลาดปลาเค้า 62,บางเขน,1005,เขตบางเขน
ลำรางข้างหมู่บ้านสุขสันต์พัฒนา,บางเขน,1005,เขตบางเขน
ลำรางข้างหมู่บ้านอนันต์สุขสันต์ รุ่น 18,บางเขน,1005,เขตบางเขน
ลำรางข้างหมู่บ้านอ่อนนุชนิเวช,ลาดกระบัง,1011,เขตลาดกระบัง
ลำรางข้างอู่รถเมล์ขาว,พระโขนง,1009,เขตพระโขนง
ลำรางคูคต,คลองสามวา,1046,เขตคลองสามวา
ลำรางแคลาย,คันนายาว,1043,เขตคันนายาว
ลำรางเฉลิมพระเกียรติ,คลองสามวา,1046,เขตคลองสามวา
ลำรางชวดด้วน,คันนายาว,1043,เขตคันนายาว
ลำรางชวดตาเชียง,ห้วยขวาง,1017,เขตห้วยขวาง
ลำรางชุมชนมะกอกกลางสวน,พญาไท,1014,เขตพญาไท
ลำรางชุมชนไม้กั้น,พระโขนง,1009,เขตพระโขนง
ลำรางเชื่อมคลองกีบหมูกับลำรางคูคต,คลองสามวา,1046,เขตคลองสามวา
ลำรางเชื่อมคลองตาพุกกับคลองบัวเกราะ,ลาดกระบัง,1011,เขตลาดกระบัง
ลำรางเชื่อมคลองบางชันกับคลองกีบหมู,คลองสามวา,1046,เขตคลองสามวา
ลำรางเชื่อมคลองบ้านม้า 1 - 2,บางกะปิ,1006,เขตบางกะปิ
ลำรางเชื่อมคลองพระราชดำริ 2 กับ,คลองสามวา,1046,เขตคลองสามวา
ลำรางเชื่อมคลองลำกระโหลกกับ,คลองสามวา,1046,เขตคลองสามวา
ลำรางเชื่อมคลองหกขุดแยกคลองคู้บอน,คันนายาว,1043,เขตคันนายาว
ลำรางเชื่อมต่อลำควายตายกับลำรางคูคต,คลองสามวา,1046,เขตคลองสามวา
ลำรางซอยถาวร,สวนหลวง,1034,เขตสวนหลวง
ลำรางซอยน้ำเต้า,บางขุนเทียน,1021,เขตบางขุนเทียน
ลำรางซอยรามคำแหง 43,บางกะปิ,1006,เขตบางกะปิ
ลำรางซอยรามคำแหง 52,บางกะปิ,1006,เขตบางกะปิ
ลำรางซอยรามคำแหง 7,บางกะปิ,1006,เขตบางกะปิ
ลำรางซอยรื่นรมย์,บางกะปิ,1006,เขตบางกะปิ
ลำรางซอยลาดปลาเค้า 60,บางเขน,1005,เขตบางเขน
ลำรางซอยวิเศษสุข,สวนหลวง,1034,เขตสวนหลวง
ลำรางซอยสยามชินวัตร,พระโขนง,1009,เขตพระโขนง
ลำรางซอยสุขุมวิท 58,พระโขนง,1009,เขตพระโขนง
ลำรางญี่ปุ่น,สะพานสูง,1044,เขตสะพานสูง
ลำรางต้นสะตือ,มีนบุรี,1010,เขตมีนบุรี
ลำรางตาจ๊อด,บางเขน,1005,เขตบางเขน
ลำรางตาชม,คลองสามวา,1046,เขตคลองสามวา
ลำรางตาบุญ,คันนายาว,1043,เขตคันนายาว
ลำรางตาป่วน,วังทองหลาง,1045,เขตวังทองหลาง
ลำรางตามั่ง,มีนบุรี,1010,เขตมีนบุรี
ลำรางตามุด,มีนบุรี,1010,เขตมีนบุรี
ลำรางตายิ้ม,มีนบุรี,1010,เขตมีนบุรี
ลำรางตาแย้ม,บางขุนเทียน,1021,เขตบางขุนเทียน
ลำรางตาแล,มีนบุรี,1010,เขตมีนบุรี
ลำรางตาโห้,สะพานสูง,1044,เขตสะพานสูง
ลำรางโต๊ะเจริญ,คลองสามวา,1046,เขตคลองสามวา
ลำรางโต๊ะสมัน,คลองสามวา,1046,เขตคลองสามวา
ลำรางทางกระบือ,คันนายาว,1043,เขตคันนายาว
ลำรางทางกระบือ,วังทองหลาง,1045,เขตวังทองหลาง
ลำรางทางกระบือ,หนองแขม,1023,เขตหนองแขม
ลำรางทางกระบือ ตอน 1,บึงกุ่ม,1027,เขตบึงกุ่ม
ลำรางท้ายซอยภู่สุวรรณ,คันนายาว,1043,เขตคันนายาว
ลำรางไทยเอราวัณ,คลองสามวา,1046,เขตคลองสามวา
ลำรางธารณะเยื้องซอยชุ่มแจ่ม,บางขุนเทียน,1021,เขตบางขุนเทียน
ลำรางนาซอง (ส่วนแยกจากคลองนาซอง),ดินแดง,1026,เขตดินแดง
ลำรางนายจาง,สายไหม,1042,เขตสายไหม
ลำรางนายชื้น,สายไหม,1042,เขตสายไหม
ลำรางนายแย้ม,สายไหม,1042,เขตสายไหม
ลำรางในซอยอ่อนนุช 30,สวนหลวง,1034,เขตสวนหลวง
ลำรางในหมู่บ้านปัญญา,สวนหลวง,1034,เขตสวนหลวง
ลำรางบวบขม,บึงกุ่ม,1027,เขตบึงกุ่ม
ลำรางบ่อหินแก้ว,คลองสามวา,1046,เขตคลองสามวา
ลำรางบางเตย ตอน 1,บึงกุ่ม,1027,เขตบึงกุ่ม
ลำรางบางเตย ตอน 3,บึงกุ่ม,1027,เขตบึงกุ่ม
ลำรางบางเตย ตอน 4,บึงกุ่ม,1027,เขตบึงกุ่ม
ลำรางบางนางชี,สวนหลวง,1034,เขตสวนหลวง
ลำรางบ้านจ่าเยี่ยม,พระโขนง,1009,เขตพระโขนง
ลำรางบ้านม้าบน,สะพานสูง,1044,เขตสะพานสูง
ลำรางบึงนายพล,คลองสามวา,1046,เขตคลองสามวา
ลำรางแบ่งเขตสวนหลวงกับเขตบางกะปิ,สวนหลวง,1034,เขตสวนหลวง
ลำรางแบนชะโด,คลองสามวา,1046,เขตคลองสามวา
ลำรางแบนตาโพ,คลองสามวา,1046,เขตคลองสามวา
ลำรางปลาย ซ.ทวีทรัพย์,บางขุนเทียน,1021,เขตบางขุนเทียน
ลำรางปลายซอยสองพี่น้อง,พระโขนง,1009,เขตพระโขนง
ลำรางปัญญา,คลองสามวา,1046,เขตคลองสามวา
ลำรางปากซอยปุณณวิถี 29 (นพรัตน์),พระโขนง,1009,เขตพระโขนง
ลำรางเปรมประชา (ข้าง ม.ธนินทร),ดอนเมือง,1036,เขตดอนเมือง
ลำรางผู้ใหญ่บัว,สายไหม,1042,เขตสายไหม
ลำรางผู้ใหญ่วัน,สายไหม,1042,เขตสายไหม
ลำรางเพรสซิเด้น์ปาร์คและชุมชนอัลกุ๊บรอ,สวนหลวง,1034,เขตสวนหลวง
ลำรางมะพร้าวคต,พระโขนง,1009,เขตพระโขนง
ลำรางยายบัว,คลองสามวา,1046,เขตคลองสามวา
ลำรางยายพร้อม,มีนบุรี,1010,เขตมีนบุรี
ลำรางยายเลิ้ง,คันนายาว,1043,เขตคันนายาว
ลำรางยี่หวัง,คลองสามวา,1046,เขตคลองสามวา
ลำรางแยกคลองกะเฉด 2,บางเขน,1005,เขตบางเขน
ลำรางแยกคลองกำพร้า (1),บางขุนเทียน,1021,เขตบางขุนเทียน
ลำรางแยกคลองกำพร้า (2),บางขุนเทียน,1021,เขตบางขุนเทียน
ลำรางแยกคลองขวางล่าง,พระโขนง,1009,เขตพระโขนง
ลำรางแยกคลองครุ,คันนายาว,1043,เขตคันนายาว
ลำรางแยกคลองคู้บอน,คันนายาว,1043,เขตคันนายาว
ลำรางแยกคลองจระเข้ (หมู่บ้านบุรุษพัฒน์),บางเขน,1005,เขตบางเขน
ลำรางแยกคลองจั่น,บางกะปิ,1006,เขตบางกะปิ
ลำรางแยกคลองจั่น,วังทองหลาง,1045,เขตวังทองหลาง
ลำรางแยกคลองเจ็ก,สะพานสูง,1044,เขตสะพานสูง
ลำรางแยกคลองเจ้าคุณสิงห์,วังทองหลาง,1045,เขตวังทองหลาง
ลำรางแยกคลองตาหนัง,บางกะปิ,1006,เขตบางกะปิ
ลำรางแยกคลองตาหนัง,บึงกุ่ม,1027,เขตบึงกุ่ม
ลำรางแยกคลองบางขวด ตอน 1,บึงกุ่ม,1027,เขตบึงกุ่ม
ลำรางแยกคลองบางจาก,พระโขนง,1009,เขตพระโขนง
ลำรางแยกคลองบางชัน,คลองสามวา,1046,เขตคลองสามวา
ลำรางแยกคลองบางซื่อ,ห้วยขวาง,1017,เขตห้วยขวาง
ลำรางแยกคลองบางเตย ตอน 1,บึงกุ่ม,1027,เขตบึงกุ่ม
ลำรางแยกคลองบางนางจีน,พระโขนง,1009,เขตพระโขนง
ลำรางแยกคลองบางนางจีน ,พระโขนง,1009,เขตพระโขนง
ลำรางแยกคลองบางอ้อใหญ่,พระโขนง,1009,เขตพระโขนง
ลำรางแยกคลองบ้านเกาะ,คันนายาว,1043,เขตคันนายาว
ลำรางแยกคลองบ้านม้า 1,บางกะปิ,1006,เขตบางกะปิ
ลำรางแยกคลองบ้านหลาย,พระโขนง,1009,เขตพระโขนง
ลำรางแยกคลองบ้านหลาย 2,พระโขนง,1009,เขตพระโขนง
ลำรางแยกคลองบ้านหลาย,พระโขนง,1009,เขตพระโขนง
ลำรางแยกคลองพระยาสุเรนทร์,คลองสามวา,1046,เขตคลองสามวา
ลำรางแยกคลองพลับพลา,วังทองหลาง,1045,เขตวังทองหลาง
ลำรางแยกคลองพังพวย,บางกะปิ,1006,เขตบางกะปิ
ลำรางแยกคลองมอญ,พระโขนง,1009,เขตพระโขนง
ลำรางแยกคลองลาดพร้าว,ห้วยขวาง,1017,เขตห้วยขวาง
ลำรางแยกคลองลาดพร้าวบน,วังทองหลาง,1045,เขตวังทองหลาง
ลำรางแยกคลองลาดพร้าวล่าง,วังทองหลาง,1045,เขตวังทองหลาง
ลำรางแยกคลองลำกระโหลก,คลองสามวา,1046,เขตคลองสามวา
ลำรางแยกคลองลำพังพวย  2,บางกะปิ,1006,เขตบางกะปิ
ลำรางแยกคลองศาลาลอย ,วัฒนา,1039,เขตวัฒนา
ลำรางแยกคลองสองตะวันตก,คลองสามวา,1046,เขตคลองสามวา
ลำรางแยกคลองสามเสน,ห้วยขวาง,1017,เขตห้วยขวาง
ลำรางแยกคลองสามเสน,ห้วยขวาง,1017,เขตห้วยขวาง
ลำรางแยกคลองสามเสน,ห้วยขวาง,1017,เขตห้วยขวาง
ลำรางแยกคลองสามเสน,ห้วยขวาง,1017,เขตห้วยขวาง
ลำรางแยกคลองสามอิน,วัฒนา,1039,เขตวัฒนา
ลำรางแยกคลองหกขุด (ลำรางทะลาย),บางเขน,1005,เขตบางเขน
ลำรางแยกคลองหนองแขม,คันนายาว,1043,เขตคันนายาว
ลำรางแยกคลองหลวงวิจิตร,คันนายาว,1043,เขตคันนายาว
ลำรางแยกคลองหลุมบัว,ลาดกระบัง,1011,เขตลาดกระบัง
ลำรางแยกคลองห้วยขวาง,ดินแดง,1026,เขตดินแดง
ลำรางแยกชุมชนมุ่งพัฒนา,บางขุนเทียน,1021,เขตบางขุนเทียน
ลำรางแยกถนนศรีนครินทร์,สวนหลวง,1034,เขตสวนหลวง
ลำรางแยกลำรางชวดตาเชียง,ห้วยขวาง,1017,เขตห้วยขวาง
ลำรางรณชัย,พญาไท,1014,เขตพญาไท
ลำรางระหว่างซอยลาดพร้าว 109-111,บางกะปิ,1006,เขตบางกะปิ
ลำรางโรงเรียนพูนสิน,พระโขนง,1009,เขตพระโขนง
ลำรางล็อค 1 (ถนนเลียบคลองสอง),คลองสามวา,1046,เขตคลองสามวา
ลำรางล็อค 1 เชื่อมคลองสองตะวันตก,คลองสามวา,1046,เขตคลองสามวา
ลำรางล้อค 1 เชื่อมคลองสามตะวันตก,คลองสามวา,1046,เขตคลองสามวา
ลำรางล็อค 2  (ถนนเลียบคลองสอง),คลองสามวา,1046,เขตคลองสามวา
ลำรางล็อค 2 (ถนนสามวา),คลองสามวา,1046,เขตคลองสามวา
ลำรางล็อค 2 เชื่อมคลองสามตะวันตก,คลองสามวา,1046,เขตคลองสามวา
ลำรางล็อค 2 เชื่อมคลองสามตะวันตก,คลองสามวา,1046,เขตคลองสามวา
ลำรางล็อค 3 (ถนนเลียบคลองสอง),คลองสามวา,1046,เขตคลองสามวา
ลำรางล็อค 3 (ถนนสามวา),คลองสามวา,1046,เขตคลองสามวา
ลำรางล็อค 3 เชื่อมคลองสองตะวันตก,คลองสามวา,1046,เขตคลองสามวา
ลำรางล็อค 3 เชื่อมคลองสามตะวันตก,คลองสามวา,1046,เขตคลองสามวา
ลำรางล็อค 4  (ถนนเลียบคลองสอง) ,คลองสามวา,1046,เขตคลองสามวา
ลำรางล็อค 4  (ถนนสามวา),คลองสามวา,1046,เขตคลองสามวา
ลำรางล็อค 4 เชื่อมคลองสองตะวันตก,คลองสามวา,1046,เขตคลองสามวา
ลำรางล็อค 5  (ถนนสามวา),คลองสามวา,1046,เขตคลองสามวา
ลำรางลาดน้ำ (หมู่บ้านสุขสันต์พัฒนา),บางเขน,1005,เขตบางเขน
ลำรางลาดเป็ด,ดอนเมือง,1036,เขตดอนเมือง
ลำรางเลียบซอยจำเนียรเสริม,วังทองหลาง,1045,เขตวังทองหลาง
ลำรางเลียบซอยลาดพร้าว 130,บางกะปิ,1006,เขตบางกะปิ
ลำรางเลียบซอยอินทราภรณ์,วังทองหลาง,1045,เขตวังทองหลาง
ลำรางเลียบถนนศรีวรา,วังทองหลาง,1045,เขตวังทองหลาง
ลำรางเลียบโรงเรียนพหลโยธิน,ดอนเมือง,1036,เขตดอนเมือง
ลำรางเลื่อนอรรณพ (ต่อศักดิ์),วัฒนา,1039,เขตวัฒนา
ลำรางวัดทองสัมฤทธิ์,มีนบุรี,1010,เขตมีนบุรี
ลำรางวัดแป้นทอง,คลองสามวา,1046,เขตคลองสามวา
ลำรางวัดมหาบุศย์,สวนหลวง,1034,เขตสวนหลวง
ลำรางวัดเวฬุวนาราม,ดอนเมือง,1036,เขตดอนเมือง
ลำรางวัดใหญ่,วัฒนา,1039,เขตวัฒนา
ลำรางศรีศุภราช,ดินแดง,1026,เขตดินแดง
ลำรางศรีสง่า,คลองสามวา,1046,เขตคลองสามวา
ลำรางศาลเจ้าพ่อต่วน,มีนบุรี,1010,เขตมีนบุรี
ลำรางศาลาคู้,มีนบุรี,1010,เขตมีนบุรี
ลำรางสมอกอง,ดอนเมือง,1036,เขตดอนเมือง
ลำรางสะแกงาม,มีนบุรี,1010,เขตมีนบุรี
ลำรางสันนิธิอิสลาม,คลองสามวา,1046,เขตคลองสามวา
ลำรางสาธารณประโยชน์,บางขุนเทียน,1021,เขตบางขุนเทียน
ลำรางสาธารณประโยชน์,บางขุนเทียน,1021,เขตบางขุนเทียน
ลำรางสาธารณประโยชน์),บางขุนเทียน,1021,เขตบางขุนเทียน
ลำรางสาธารณประโยชน์ข้างการไฟฟ้าฯ ,บางขุนเทียน,1021,เขตบางขุนเทียน
ลำรางสาธารณประโยชน์ข้างซอยอนามัย,บางขุนเทียน,1021,เขตบางขุนเทียน
ลำรางสาธารณประโยชน์ข้างโรงปูน,บางขุนเทียน,1021,เขตบางขุนเทียน
ลำรางสาธารณประโยชน์ข้าง,บางขุนเทียน,1021,เขตบางขุนเทียน
ลำรางสาธารณประโยชน์ต้นซอยทวีทรัพย์,บางขุนเทียน,1021,เขตบางขุนเทียน
ลำรางสาธารณประโยชน์หมู่บ้านสวัสดี,บางขุนเทียน,1021,เขตบางขุนเทียน
ลำรางสาธารณหลังการสื่อสารแห่ง,หลักสี่,1041,เขตหลักสี่
ลำรางสาธารณะ ถนนดำรงรักษ์,ป้อมปราบศัตรูพ่าย,1008,เขตป้อมปราบศัตรูพ่าย
ลำรางสาธารณะ(ซอยโรงงานน้ำมันละพุ่ง),บางคอแหลม,1031,เขตบางคอแหลม
ลำรางสาธารณะข้างซอยโรงน้ำแข็ง,ลาดพร้าว,1038,เขตลาดพร้าว
ลำรางสาธารณะข้างโรงเรียนรุ่งอรุณ,บางขุนเทียน,1021,เขตบางขุนเทียน
ลำรางสาธารณะข้างวัดกก,บางขุนเทียน,1021,เขตบางขุนเทียน
ลำรางสาธารณะเข้าหมู่บ้านพิพรพงษ์ 1,ดอนเมือง,1036,เขตดอนเมือง
ลำรางสาธารณะคลองถนน,หลักสี่,1041,เขตหลักสี่
ลำรางสาธารณะเคหะทุ่งสองห้อง,หลักสี่,1041,เขตหลักสี่
ลำรางสาธารณะชุมชนมุ่งวัฒนา,บางขุนเทียน,1021,เขตบางขุนเทียน
ลำรางสาธารณะซอยท่าข้าม 12,บางขุนเทียน,1021,เขตบางขุนเทียน
ลำรางสาธารณะซอยม่วงสกุล (ลำรางผี),บางขุนเทียน,1021,เขตบางขุนเทียน
ลำรางสาธารณะซอยวัฒนา (สุขุมวิท 19),วัฒนา,1039,เขตวัฒนา
ลำรางสาธารณะซอยวิภาวดีรังสิต 54,หลักสี่,1041,เขตหลักสี่
ลำรางสาธารณะซอยสวัสดี,วัฒนา,1039,เขตวัฒนา
ลำรางสาธารณะซอยแสมดำ 21,บางขุนเทียน,1021,เขตบางขุนเทียน
ลำรางสาธารณะในหมู่บ้านธนบุรีคอมเพล็กซ์,บางขุนเทียน,1021,เขตบางขุนเทียน
ลำรางสาธารณะประโยชน์,ราชเทวี,1037,เขตราชเทวี
ลำรางสาธารณะประโยชน์,ราชเทวี,1037,เขตราชเทวี
ลำรางสาธารณะประโยชน์,ราชเทวี,1037,เขตราชเทวี
ลำรางสาธารณะประโยชน์ซอยวิภาวดี 48,จตุจักร,1030,เขตจตุจักร
ลำรางสาธารณะปลายซอยบางกระดี่ 43,บางขุนเทียน,1021,เขตบางขุนเทียน
ลำรางสาธารณะเมืองทอง 1,หลักสี่,1041,เขตหลักสี่
ลำรางสาธารณะแยกคลองเป้ง,วัฒนา,1039,เขตวัฒนา
ลำรางสาธารณะเลียบหมูบ้านบัณฑิตโฮม,ดอนเมือง,1036,เขตดอนเมือง
ลำรางสาธารณะสุขุมวิท 15,วัฒนา,1039,เขตวัฒนา
ลำรางสาธารณะหนองงูเห่า,หลักสี่,1041,เขตหลักสี่
ลำรางสาธารณะหน้าวัดพุทธสยาม (วัดสีกัน),ดอนเมือง,1036,เขตดอนเมือง
ลำรางสาธารณะหมู่ 2 ซอยมีสุข,หลักสี่,1041,เขตหลักสี่
ลำรางสาธารณะหมู่บ้านปรางแก้ว,หลักสี่,1041,เขตหลักสี่
ลำรางสาธารณะหลังสถานีรถไฟหลักสี่,หลักสี่,1041,เขตหลักสี่
ลำรางสาธารณะหลังหมู่บ้านราณะ 2,ลาดพร้าว,1038,เขตลาดพร้าว
ลำรางสำเภาทะลาย,ลาดกระบัง,1011,เขตลาดกระบัง
ลำรางสิทธิโสม,คลองสามวา,1046,เขตคลองสามวา
ลำรางสีพูม,คันนายาว,1043,เขตคันนายาว
ลำรางสุเหร่าแดง,คันนายาว,1043,เขตคันนายาว
ลำรางสุเหร่าหัวหมากน้อย,บางกะปิ,1006,เขตบางกะปิ
ลำรางหนองกระดี่,คันนายาว,1043,เขตคันนายาว
ลำรางหนองปลาดุก,บึงกุ่ม,1027,เขตบึงกุ่ม
ลำรางหมู่บ้านเคหะนคร 2,ลาดกระบัง,1011,เขตลาดกระบัง
ลำรางหมู่บ้านจิราธร,สะพานสูง,1044,เขตสะพานสูง
ลำรางหมู่บ้านเจ้าคุณ,ลาดกระบัง,1011,เขตลาดกระบัง
ลำรางหมู่บ้านเมืองทอง 2/3,สวนหลวง,1034,เขตสวนหลวง
ลำรางหมู่บ้านแฮปปี้เพรส 2,ลาดกระบัง,1011,เขตลาดกระบัง
ลำรางหลวง,สะพานสูง,1044,เขตสะพานสูง
ลำรางหลังโรงเรียนบ้านบางกะปิ,บางกะปิ,1006,เขตบางกะปิ
ลำรางหลังโรงเหล็ก ซอยสมพรเพชรทองคำ,บางขุนเทียน,1021,เขตบางขุนเทียน
ลำรางหลังวัดบางชัน,คันนายาว,1043,เขตคันนายาว
ลำรางหลังศูนย์การค้าวรจักร,ป้อมปราบศัตรูพ่าย,1008,เขตป้อมปราบศัตรูพ่าย
ลำรางหอกหัก,บางขุนเทียน,1021,เขตบางขุนเทียน
ลำรางออหลาว,ลาดพร้าว,1038,เขตลาดพร้าว
ลำรางอินทราชัย,วังทองหลาง,1045,เขตวังทองหลาง
ลำรางอินทามระ,พญาไท,1014,เขตพญาไท
ลำรางอิมเพลโฮม,คลองสามวา,1046,เขตคลองสามวา
ลำรางอีพรุน,บางแค,1040,เขตบางแค
ลำรางอุทัยรัตน์,พญาไท,1014,เขตพญาไท
